id,name,open,closed
MDExOlB1bGxSZXF1ZXN0MzA4MDQy,https://github.com/cucumber/cucumber-js/pull/25,2011-09-03T23:25:54Z,2011-09-04T10:05:56Z
MDExOlB1bGxSZXF1ZXN0Mzg4OTEw,https://github.com/cucumber/cucumber-js/pull/29,2011-10-09T21:12:12Z,2011-10-12T20:25:19Z
MDExOlB1bGxSZXF1ZXN0Mzk3NTc0,https://github.com/cucumber/cucumber-js/pull/30,2011-10-12T17:23:04Z,2011-10-12T17:33:39Z
MDExOlB1bGxSZXF1ZXN0NDE3MTQ2,https://github.com/cucumber/cucumber-js/pull/31,2011-10-20T00:18:36Z,2012-01-18T23:36:45Z
MDExOlB1bGxSZXF1ZXN0NTY0NzI4,https://github.com/cucumber/cucumber-js/pull/37,2011-12-06T20:40:27Z,2011-12-07T10:07:22Z
MDExOlB1bGxSZXF1ZXN0OTY2NTg5,https://github.com/cucumber/cucumber-js/pull/48,2012-03-12T13:02:01Z,2012-04-18T10:24:42Z
MDExOlB1bGxSZXF1ZXN0MTEzMjc0OA==,https://github.com/cucumber/cucumber-js/pull/55,2012-04-10T04:54:31Z,2012-04-10T05:38:34Z
MDExOlB1bGxSZXF1ZXN0MTEzMjkyOA==,https://github.com/cucumber/cucumber-js/pull/56,2012-04-10T06:05:46Z,2012-04-10T15:38:04Z
MDExOlB1bGxSZXF1ZXN0MTEzNjI5Mg==,https://github.com/cucumber/cucumber-js/pull/57,2012-04-10T16:22:44Z,2012-04-17T01:54:21Z
MDExOlB1bGxSZXF1ZXN0MTE3NTU0MA==,https://github.com/cucumber/cucumber-js/pull/59,2012-04-17T01:55:49Z,2012-06-21T13:41:56Z
MDExOlB1bGxSZXF1ZXN0MTMyNTk2Ng==,https://github.com/cucumber/cucumber-js/pull/62,2012-05-10T15:01:57Z,2013-06-11T09:12:39Z
MDExOlB1bGxSZXF1ZXN0MTQyMDExNg==,https://github.com/cucumber/cucumber-js/pull/67,2012-05-24T12:30:57Z,2012-05-24T12:40:42Z
MDExOlB1bGxSZXF1ZXN0MTUzNDE5NQ==,https://github.com/cucumber/cucumber-js/pull/69,2012-06-11T11:35:55Z,2012-06-11T13:08:33Z
MDExOlB1bGxSZXF1ZXN0MTYyNDc4NQ==,https://github.com/cucumber/cucumber-js/pull/71,2012-06-22T01:47:07Z,2013-06-11T09:15:44Z
MDExOlB1bGxSZXF1ZXN0MTYzMzEyOQ==,https://github.com/cucumber/cucumber-js/pull/73,2012-06-22T23:24:56Z,2012-06-24T10:01:36Z
MDExOlB1bGxSZXF1ZXN0MTY2MTU0Nw==,https://github.com/cucumber/cucumber-js/pull/75,2012-06-27T11:11:33Z,2014-03-05T14:17:53Z
MDExOlB1bGxSZXF1ZXN0MTcxMTg0OA==,https://github.com/cucumber/cucumber-js/pull/76,2012-07-04T00:27:59Z,2012-07-24T22:12:48Z
MDExOlB1bGxSZXF1ZXN0MTg3MzI3Ng==,https://github.com/cucumber/cucumber-js/pull/79,2012-07-24T11:54:48Z,2012-09-06T20:00:38Z
MDExOlB1bGxSZXF1ZXN0MTk2MzM5MA==,https://github.com/cucumber/cucumber-js/pull/83,2012-08-03T01:50:49Z,2012-08-03T07:42:28Z
MDExOlB1bGxSZXF1ZXN0MjMzMDY2OQ==,https://github.com/cucumber/cucumber-js/pull/86,2012-09-13T12:49:44Z,2013-11-27T13:44:39Z
MDExOlB1bGxSZXF1ZXN0Mjg1NDcxNw==,https://github.com/cucumber/cucumber-js/pull/96,2012-11-01T20:05:58Z,2012-11-01T21:00:40Z
MDExOlB1bGxSZXF1ZXN0MjkyOTA2MA==,https://github.com/cucumber/cucumber-js/pull/98,2012-11-08T14:20:37Z,2012-11-08T21:33:27Z
MDExOlB1bGxSZXF1ZXN0Mjk3NzM4OQ==,https://github.com/cucumber/cucumber-js/pull/99,2012-11-13T08:24:44Z,2012-11-13T09:56:43Z
MDExOlB1bGxSZXF1ZXN0MzExMjY0Ng==,https://github.com/cucumber/cucumber-js/pull/100,2012-11-24T19:08:47Z,2014-08-08T13:27:26Z
MDExOlB1bGxSZXF1ZXN0MzI5NTk1MQ==,https://github.com/cucumber/cucumber-js/pull/103,2012-12-10T01:06:17Z,2012-12-10T01:16:38Z
MDExOlB1bGxSZXF1ZXN0MzI5NjA1NQ==,https://github.com/cucumber/cucumber-js/pull/104,2012-12-10T01:36:25Z,2013-11-27T15:31:16Z
MDExOlB1bGxSZXF1ZXN0MzQ1NDY1Ng==,https://github.com/cucumber/cucumber-js/pull/106,2012-12-21T01:47:45Z,2012-12-21T02:04:56Z
MDExOlB1bGxSZXF1ZXN0Mzg2OTE2MQ==,https://github.com/cucumber/cucumber-js/pull/109,2013-01-28T17:09:26Z,2014-03-05T15:21:49Z
MDExOlB1bGxSZXF1ZXN0Mzk0MTU0Ng==,https://github.com/cucumber/cucumber-js/pull/111,2013-02-01T05:38:40Z,2013-02-01T16:16:26Z
MDExOlB1bGxSZXF1ZXN0NDgzNjIyMQ==,https://github.com/cucumber/cucumber-js/pull/116,2013-03-27T09:14:14Z,2014-03-05T15:21:49Z
MDExOlB1bGxSZXF1ZXN0NDk3ODY4OQ==,https://github.com/cucumber/cucumber-js/pull/117,2013-04-04T14:26:09Z,2013-10-24T08:51:36Z
MDExOlB1bGxSZXF1ZXN0NDk5NTY0OA==,https://github.com/cucumber/cucumber-js/pull/118,2013-04-05T07:53:40Z,2013-04-08T20:42:24Z
MDExOlB1bGxSZXF1ZXN0NTg3NDI1Mg==,https://github.com/cucumber/cucumber-js/pull/119,2013-05-22T21:35:02Z,2013-06-11T09:02:27Z
MDExOlB1bGxSZXF1ZXN0NjMwODA0Mw==,https://github.com/cucumber/cucumber-js/pull/122,2013-06-13T18:43:08Z,2013-06-13T18:44:54Z
MDExOlB1bGxSZXF1ZXN0NjMwODI2Nw==,https://github.com/cucumber/cucumber-js/pull/123,2013-06-13T18:51:19Z,2014-05-22T20:37:49Z
MDExOlB1bGxSZXF1ZXN0NjQ0Mjk2OA==,https://github.com/cucumber/cucumber-js/pull/126,2013-06-20T12:53:33Z,2013-06-20T13:33:21Z
MDExOlB1bGxSZXF1ZXN0NzMzNDU4Ng==,https://github.com/cucumber/cucumber-js/pull/130,2013-08-01T20:24:05Z,2013-11-27T09:10:30Z
MDExOlB1bGxSZXF1ZXN0OTEyODgzMw==,https://github.com/cucumber/cucumber-js/pull/138,2013-10-16T08:49:48Z,2013-10-16T09:03:17Z
MDExOlB1bGxSZXF1ZXN0OTIzMjY2MA==,https://github.com/cucumber/cucumber-js/pull/139,2013-10-19T16:59:47Z,2013-11-27T12:38:42Z
MDExOlB1bGxSZXF1ZXN0OTM3MDU4MA==,https://github.com/cucumber/cucumber-js/pull/140,2013-10-24T15:14:54Z,2014-05-22T21:22:43Z
MDExOlB1bGxSZXF1ZXN0OTUzMzY1NA==,https://github.com/cucumber/cucumber-js/pull/141,2013-10-30T17:03:38Z,2013-10-30T17:38:28Z
MDExOlB1bGxSZXF1ZXN0MTAzODgzNzQ=,https://github.com/cucumber/cucumber-js/pull/143,2013-11-29T08:31:47Z,2013-11-29T11:04:43Z
MDExOlB1bGxSZXF1ZXN0MTA2Mzk2MTc=,https://github.com/cucumber/cucumber-js/pull/148,2013-12-09T10:44:45Z,2013-12-11T10:41:46Z
MDExOlB1bGxSZXF1ZXN0MTE0MTg0Mjk=,https://github.com/cucumber/cucumber-js/pull/151,2014-01-10T22:01:39Z,2014-08-08T13:27:10Z
MDExOlB1bGxSZXF1ZXN0MTIzMDI3OTM=,https://github.com/cucumber/cucumber-js/pull/154,2014-02-07T07:53:01Z,2014-03-05T14:47:24Z
MDExOlB1bGxSZXF1ZXN0MTIzNDY1MDc=,https://github.com/cucumber/cucumber-js/pull/155,2014-02-08T23:32:17Z,2014-03-05T14:17:53Z
MDExOlB1bGxSZXF1ZXN0MTI3OTM5NTQ=,https://github.com/cucumber/cucumber-js/pull/156,2014-02-21T14:32:57Z,2014-03-05T15:21:49Z
MDExOlB1bGxSZXF1ZXN0MTMwMTUzMDM=,https://github.com/cucumber/cucumber-js/pull/158,2014-02-27T18:11:03Z,2014-03-05T13:07:28Z
MDExOlB1bGxSZXF1ZXN0MTMyMjE2NTQ=,https://github.com/cucumber/cucumber-js/pull/161,2014-03-05T17:30:29Z,2014-03-05T17:32Z
MDExOlB1bGxSZXF1ZXN0MTM3ODMwNDc=,https://github.com/cucumber/cucumber-js/pull/163,2014-03-20T11:35:29Z,2014-03-20T11:46:40Z
MDExOlB1bGxSZXF1ZXN0MTQ2OTEwNTI=,https://github.com/cucumber/cucumber-js/pull/168,2014-04-13T03:25:04Z,2014-05-22T21:06:01Z
MDExOlB1bGxSZXF1ZXN0MTQ3MDI1NTE=,https://github.com/cucumber/cucumber-js/pull/170,2014-04-14T04:25:04Z,2014-04-15T01:18:23Z
MDExOlB1bGxSZXF1ZXN0MTQ3NDk3NDc=,https://github.com/cucumber/cucumber-js/pull/171,2014-04-15T01:20:12Z,2014-06-30T18:15:23Z
MDExOlB1bGxSZXF1ZXN0MTQ3NDk3ODg=,https://github.com/cucumber/cucumber-js/pull/172,2014-04-15T01:21:49Z,2015-09-13T04:26:14Z
MDExOlB1bGxSZXF1ZXN0MTQ3ODE3MzE=,https://github.com/cucumber/cucumber-js/pull/173,2014-04-15T17:17:04Z,2014-08-05T03:35:34Z
MDExOlB1bGxSZXF1ZXN0MTYwMDkxNTg=,https://github.com/cucumber/cucumber-js/pull/178,2014-05-16T21:11:02Z,2014-05-26T20:57:21Z
MDExOlB1bGxSZXF1ZXN0MTYwMzIxMzA=,https://github.com/cucumber/cucumber-js/pull/183,2014-05-18T20:21:13Z,2014-06-30T23:13:04Z
MDExOlB1bGxSZXF1ZXN0MTYzOTIzMDY=,https://github.com/cucumber/cucumber-js/pull/188,2014-05-27T19:51:51Z,2015-10-12T05:14:17Z
MDExOlB1bGxSZXF1ZXN0MTY0NTg0NTc=,https://github.com/cucumber/cucumber-js/pull/189,2014-05-28T23:19:48Z,2014-08-13T11:06:19Z
MDExOlB1bGxSZXF1ZXN0MTY1MDMxNDE=,https://github.com/cucumber/cucumber-js/pull/191,2014-05-29T20:49:16Z,2014-06-30T23:04:59Z
MDExOlB1bGxSZXF1ZXN0MTY1NzQ1MTk=,https://github.com/cucumber/cucumber-js/pull/192,2014-06-01T09:59:23Z,2014-06-30T18:15:23Z
MDExOlB1bGxSZXF1ZXN0MTY3ODY5MTk=,https://github.com/cucumber/cucumber-js/pull/193,2014-06-05T19:45:02Z,2015-06-08T09:19:38Z
MDExOlB1bGxSZXF1ZXN0MTY4MjQwMDU=,https://github.com/cucumber/cucumber-js/pull/194,2014-06-06T14:44:11Z,2014-08-08T15:00:30Z
MDExOlB1bGxSZXF1ZXN0MTcxNTI5NDI=,https://github.com/cucumber/cucumber-js/pull/196,2014-06-15T14:04:18Z,2014-06-17T19:55:18Z
MDExOlB1bGxSZXF1ZXN0MTcyNTc4MjE=,https://github.com/cucumber/cucumber-js/pull/197,2014-06-17T20:01:48Z,2014-06-30T22:55:05Z
MDExOlB1bGxSZXF1ZXN0MTczMDgyODA=,https://github.com/cucumber/cucumber-js/pull/199,2014-06-18T17:46:52Z,2015-10-07T20:40:37Z
MDExOlB1bGxSZXF1ZXN0MTc1NDIzNTU=,https://github.com/cucumber/cucumber-js/pull/202,2014-06-24T16:29:37Z,2014-07-30T15:11:42Z
MDExOlB1bGxSZXF1ZXN0MTgxODQ5NDU=,https://github.com/cucumber/cucumber-js/pull/204,2014-07-09T20:35:20Z,2014-08-06T20:58:11Z
MDExOlB1bGxSZXF1ZXN0MTg0MDI0ODA=,https://github.com/cucumber/cucumber-js/pull/207,2014-07-15T11:36:25Z,2014-12-18T14:09:03Z
MDExOlB1bGxSZXF1ZXN0MTg5NDEyOTE=,https://github.com/cucumber/cucumber-js/pull/210,2014-07-27T14:41:34Z,2015-10-25T21:41:15Z
MDExOlB1bGxSZXF1ZXN0MTg5NDYyMDA=,https://github.com/cucumber/cucumber-js/pull/211,2014-07-28T00:44:17Z,2014-12-21T14:43:14Z
MDExOlB1bGxSZXF1ZXN0MTkwOTU0ODM=,https://github.com/cucumber/cucumber-js/pull/214,2014-07-30T15:12:02Z,2015-10-25T21:42:37Z
MDExOlB1bGxSZXF1ZXN0MTkxMDY3MDM=,https://github.com/cucumber/cucumber-js/pull/215,2014-07-30T18:10:01Z,2015-10-15T14:35:20Z
MDExOlB1bGxSZXF1ZXN0MTkyNTI1MTA=,https://github.com/cucumber/cucumber-js/pull/216,2014-08-03T04:46:30Z,2014-12-21T20:58:38Z
MDExOlB1bGxSZXF1ZXN0MTk1NTEzNzY=,https://github.com/cucumber/cucumber-js/pull/219,2014-08-08T20:58:56Z,2014-08-09T21:36:11Z
MDExOlB1bGxSZXF1ZXN0MTk1NTI2ODU=,https://github.com/cucumber/cucumber-js/pull/220,2014-08-08T21:24:09Z,2014-08-09T21:33:38Z
MDExOlB1bGxSZXF1ZXN0MTk3MTM4MDQ=,https://github.com/cucumber/cucumber-js/pull/223,2014-08-13T09:40:58Z,2014-08-13T12:28:32Z
MDExOlB1bGxSZXF1ZXN0MTk3NTIxNTE=,https://github.com/cucumber/cucumber-js/pull/225,2014-08-13T20:51:53Z,2015-06-16T08:27:46Z
MDExOlB1bGxSZXF1ZXN0MTk3NzU3Mzc=,https://github.com/cucumber/cucumber-js/pull/226,2014-08-14T09:08:23Z,2014-12-18T13:30:59Z
MDExOlB1bGxSZXF1ZXN0MTk3ODQyNjU=,https://github.com/cucumber/cucumber-js/pull/227,2014-08-14T12:33:05Z,2015-05-15T14:20:36Z
MDExOlB1bGxSZXF1ZXN0MTk4NTgwMTI=,https://github.com/cucumber/cucumber-js/pull/228,2014-08-15T18:04:42Z,2015-07-03T13:52:11Z
MDExOlB1bGxSZXF1ZXN0MjAxODQxNTI=,https://github.com/cucumber/cucumber-js/pull/234,2014-08-22T17:05:43Z,2014-12-21T23:39:53Z
MDExOlB1bGxSZXF1ZXN0MjAyMTg1MDE=,https://github.com/cucumber/cucumber-js/pull/235,2014-08-24T10:21:43Z,2015-10-12T05:12:43Z
MDExOlB1bGxSZXF1ZXN0MjAyNDU5NTE=,https://github.com/cucumber/cucumber-js/pull/236,2014-08-25T13:31:19Z,2015-04-24T17:17:40Z
MDExOlB1bGxSZXF1ZXN0MjA0MDA1NTg=,https://github.com/cucumber/cucumber-js/pull/238,2014-08-27T20:42:41Z,2014-09-05T17:22:06Z
MDExOlB1bGxSZXF1ZXN0MjA1Mzc0NTA=,https://github.com/cucumber/cucumber-js/pull/240,2014-08-30T17:17:56Z,2014-09-05T16:14:37Z
MDExOlB1bGxSZXF1ZXN0MjA5NDQyNjQ=,https://github.com/cucumber/cucumber-js/pull/243,2014-09-09T09:50:51Z,2014-09-09T21:00:33Z
MDExOlB1bGxSZXF1ZXN0MjEyOTg5MDg=,https://github.com/cucumber/cucumber-js/pull/247,2014-09-16T13:48:45Z,2015-02-06T11:01:29Z
MDExOlB1bGxSZXF1ZXN0MjIwOTQ2ODI=,https://github.com/cucumber/cucumber-js/pull/252,2014-10-01T18:46:46Z,2014-12-18T13:34:43Z
MDExOlB1bGxSZXF1ZXN0MjIyMzk5MjY=,https://github.com/cucumber/cucumber-js/pull/253,2014-10-04T04:15:35Z,2014-12-18T11:53:25Z
MDExOlB1bGxSZXF1ZXN0MjIyNDE4OTU=,https://github.com/cucumber/cucumber-js/pull/255,2014-10-04T09:43:49Z,2016-06-24T16:21:22Z
MDExOlB1bGxSZXF1ZXN0MjIyNDIyMTc=,https://github.com/cucumber/cucumber-js/pull/256,2014-10-04T10:36:28Z,2014-10-04T16:15:24Z
MDExOlB1bGxSZXF1ZXN0MjIyNTY1OTc=,https://github.com/cucumber/cucumber-js/pull/257,2014-10-05T17:19:11Z,2015-02-26T18:44:35Z
MDExOlB1bGxSZXF1ZXN0MjIyNTk4MDI=,https://github.com/cucumber/cucumber-js/pull/258,2014-10-05T22:17:59Z,2014-12-21T14:43:14Z
MDExOlB1bGxSZXF1ZXN0MjQxNjE2MTI=,https://github.com/cucumber/cucumber-js/pull/270,2014-11-10T17:14:18Z,2015-05-20T11:14:29Z
MDExOlB1bGxSZXF1ZXN0MjY0NDkzNTk=,https://github.com/cucumber/cucumber-js/pull/284,2014-12-22T10:38:04Z,2015-02-06T09:27:36Z
MDExOlB1bGxSZXF1ZXN0MjY1NDgyODI=,https://github.com/cucumber/cucumber-js/pull/287,2014-12-24T07:34:11Z,2015-06-08T10:33:46Z
MDExOlB1bGxSZXF1ZXN0MjY3ODQ1NTM=,https://github.com/cucumber/cucumber-js/pull/291,2015-01-03T16:53:04Z,2015-06-12T12:36:19Z
MDExOlB1bGxSZXF1ZXN0Mjg4NTk0ODc=,https://github.com/cucumber/cucumber-js/pull/303,2015-02-07T05:36:28Z,2015-09-11T10:19:22Z
MDExOlB1bGxSZXF1ZXN0Mjg4ODIwMTE=,https://github.com/cucumber/cucumber-js/pull/304,2015-02-08T15:52:14Z,2015-06-16T15:08:59Z
MDExOlB1bGxSZXF1ZXN0Mjk3Nzk2NTU=,https://github.com/cucumber/cucumber-js/pull/308,2015-02-22T23:44:08Z,2015-02-25T09:48:15Z
MDExOlB1bGxSZXF1ZXN0MzAxMDQyNzQ=,https://github.com/cucumber/cucumber-js/pull/309,2015-02-26T18:44:11Z,2016-02-19T17:25:43Z
MDExOlB1bGxSZXF1ZXN0MzA3MzA3NzQ=,https://github.com/cucumber/cucumber-js/pull/312,2015-03-09T01:11:05Z,2015-03-11T09:43:07Z
MDExOlB1bGxSZXF1ZXN0MzE5MTgxMTU=,https://github.com/cucumber/cucumber-js/pull/315,2015-03-25T12:41:15Z,2015-10-15T14:27:13Z
MDExOlB1bGxSZXF1ZXN0MzIzMDUxMDQ=,https://github.com/cucumber/cucumber-js/pull/317,2015-03-31T09:34:11Z,2015-06-12T13:04:32Z
MDExOlB1bGxSZXF1ZXN0MzUyNjg2OTc=,https://github.com/cucumber/cucumber-js/pull/334,2015-05-12T20:46:07Z,2016-08-29T05:14:55Z
MDExOlB1bGxSZXF1ZXN0MzU0ODY2MDc=,https://github.com/cucumber/cucumber-js/pull/336,2015-05-15T05:59:04Z,2015-06-08T09:36:20Z
MDExOlB1bGxSZXF1ZXN0MzU1NDMxMDc=,https://github.com/cucumber/cucumber-js/pull/337,2015-05-15T19:26:32Z,2015-06-12T12:46:09Z
MDExOlB1bGxSZXF1ZXN0Mzc1Mjc3MTA=,https://github.com/cucumber/cucumber-js/pull/345,2015-06-12T02:44:50Z,2015-06-12T07:41:39Z
MDExOlB1bGxSZXF1ZXN0Mzc5NDI1NDk=,https://github.com/cucumber/cucumber-js/pull/348,2015-06-17T20:24:05Z,2015-09-24T12:39:14Z
MDExOlB1bGxSZXF1ZXN0MzgxNjE4NDk=,https://github.com/cucumber/cucumber-js/pull/351,2015-06-20T03:22:32Z,2015-07-03T15:55:54Z
MDExOlB1bGxSZXF1ZXN0MzgxNjYzMzU=,https://github.com/cucumber/cucumber-js/pull/352,2015-06-20T10:52:15Z,2015-07-03T15:48:06Z
MDExOlB1bGxSZXF1ZXN0MzgxNjY0NTU=,https://github.com/cucumber/cucumber-js/pull/354,2015-06-20T11:05:14Z,2015-07-03T16:14:49Z
MDExOlB1bGxSZXF1ZXN0MzgzMTAwNDk=,https://github.com/cucumber/cucumber-js/pull/358,2015-06-23T07:59:30Z,2015-07-03T15:26:02Z
MDExOlB1bGxSZXF1ZXN0MzgzMTAyMTE=,https://github.com/cucumber/cucumber-js/pull/359,2015-06-23T08:02:15Z,2015-07-03T20:56:55Z
MDExOlB1bGxSZXF1ZXN0Mzg2NDUzMTI=,https://github.com/cucumber/cucumber-js/pull/360,2015-06-26T12:41:36Z,2015-10-26T16:05:14Z
MDExOlB1bGxSZXF1ZXN0Mzg2NjAxOTc=,https://github.com/cucumber/cucumber-js/pull/361,2015-06-26T15:24:20Z,2015-07-01T20:23:41Z
MDExOlB1bGxSZXF1ZXN0MzkxNzc3NTU=,https://github.com/cucumber/cucumber-js/pull/364,2015-07-03T14:03:10Z,2015-07-03T15:43:41Z
MDExOlB1bGxSZXF1ZXN0MzkyMzM3MDc=,https://github.com/cucumber/cucumber-js/pull/365,2015-07-06T03:26:19Z,2015-07-06T13:11:56Z
MDExOlB1bGxSZXF1ZXN0Mzk1NTUyMTM=,https://github.com/cucumber/cucumber-js/pull/368,2015-07-09T07:32:03Z,2015-07-09T13:53:19Z
MDExOlB1bGxSZXF1ZXN0NDAyNDk4ODQ=,https://github.com/cucumber/cucumber-js/pull/373,2015-07-17T16:48:15Z,2015-09-13T01:52:41Z
MDExOlB1bGxSZXF1ZXN0NDA1NTQzNjM=,https://github.com/cucumber/cucumber-js/pull/374,2015-07-22T11:19:31Z,2015-09-28T16:25:17Z
MDExOlB1bGxSZXF1ZXN0NDA5Njg5NjY=,https://github.com/cucumber/cucumber-js/pull/377,2015-07-28T02:04:53Z,2015-07-28T02:05:28Z
MDExOlB1bGxSZXF1ZXN0NDIwODE2NTU=,https://github.com/cucumber/cucumber-js/pull/381,2015-08-11T00:34:36Z,2015-08-19T09:59:54Z
MDExOlB1bGxSZXF1ZXN0NDIxNjU2MzE=,https://github.com/cucumber/cucumber-js/pull/382,2015-08-11T19:08:57Z,2015-08-19T11:45:04Z
MDExOlB1bGxSZXF1ZXN0NDIxODcyMjk=,https://github.com/cucumber/cucumber-js/pull/383,2015-08-11T22:45:53Z,2015-10-07T16:26:52Z
MDExOlB1bGxSZXF1ZXN0NDIxOTUxNzU=,https://github.com/cucumber/cucumber-js/pull/384,2015-08-12T01:00:49Z,2015-09-11T15:33:40Z
MDExOlB1bGxSZXF1ZXN0NDIyMTM0Mjk=,https://github.com/cucumber/cucumber-js/pull/385,2015-08-12T07:59:35Z,2015-08-19T10:08:45Z
MDExOlB1bGxSZXF1ZXN0NDIyODM3MDk=,https://github.com/cucumber/cucumber-js/pull/387,2015-08-12T20:18:18Z,2015-08-19T08:32:37Z
MDExOlB1bGxSZXF1ZXN0NDM4MjQwODk=,https://github.com/cucumber/cucumber-js/pull/398,2015-08-31T23:57:47Z,2015-09-24T13:19:11Z
MDExOlB1bGxSZXF1ZXN0NDQ4NDk2NzA=,https://github.com/cucumber/cucumber-js/pull/405,2015-09-12T08:32:57Z,2015-10-06T00:25:21Z
MDExOlB1bGxSZXF1ZXN0NDQ4NjYwNzE=,https://github.com/cucumber/cucumber-js/pull/406,2015-09-13T03:25Z,2015-09-13T12:17:56Z
MDExOlB1bGxSZXF1ZXN0NDQ5OTg5MjU=,https://github.com/cucumber/cucumber-js/pull/407,2015-09-15T01:07:51Z,2015-09-22T14:41:14Z
MDExOlB1bGxSZXF1ZXN0NDYxOTY4OTE=,https://github.com/cucumber/cucumber-js/pull/410,2015-09-28T19:22:30Z,2015-09-28T20:56:47Z
MDExOlB1bGxSZXF1ZXN0NDYyMzQ0ODU=,https://github.com/cucumber/cucumber-js/pull/411,2015-09-29T04:01:13Z,2015-10-05T22:56:58Z
MDExOlB1bGxSZXF1ZXN0NDYyMzc4NDk=,https://github.com/cucumber/cucumber-js/pull/412,2015-09-29T05:28:14Z,2015-10-05T00:02:58Z
MDExOlB1bGxSZXF1ZXN0NDY0ODg5MDc=,https://github.com/cucumber/cucumber-js/pull/413,2015-10-01T06:28:40Z,2015-10-29T21:00:21Z
MDExOlB1bGxSZXF1ZXN0NDY0OTU5MDQ=,https://github.com/cucumber/cucumber-js/pull/414,2015-10-01T08:18:19Z,2015-10-07T21:08:23Z
MDExOlB1bGxSZXF1ZXN0NDY1MDU0Nzc=,https://github.com/cucumber/cucumber-js/pull/415,2015-10-01T10:08:07Z,2015-10-07T20:35:16Z
MDExOlB1bGxSZXF1ZXN0NDY2OTcxMjI=,https://github.com/cucumber/cucumber-js/pull/416,2015-10-03T01:39:24Z,2015-10-07T20:10:47Z
MDExOlB1bGxSZXF1ZXN0NDcwNDk4MjM=,https://github.com/cucumber/cucumber-js/pull/419,2015-10-07T16:26:25Z,2015-10-07T18:17:28Z
MDExOlB1bGxSZXF1ZXN0NDcwODgxMjI=,https://github.com/cucumber/cucumber-js/pull/420,2015-10-07T22:00:24Z,2015-11-11T17:22:53Z
MDExOlB1bGxSZXF1ZXN0NDcxNTgxMDg=,https://github.com/cucumber/cucumber-js/pull/421,2015-10-08T14:17:33Z,2016-09-08T17:01:39Z
MDExOlB1bGxSZXF1ZXN0NDcyMjM4MzM=,https://github.com/cucumber/cucumber-js/pull/422,2015-10-09T00:48:41Z,2015-10-09T07:32:24Z
MDExOlB1bGxSZXF1ZXN0NDcyMjQ4Mzc=,https://github.com/cucumber/cucumber-js/pull/423,2015-10-09T01:09:12Z,2015-10-09T07:23:57Z
MDExOlB1bGxSZXF1ZXN0NDczNTE3OTQ=,https://github.com/cucumber/cucumber-js/pull/424,2015-10-10T19:10:19Z,2015-10-11T18:22:20Z
MDExOlB1bGxSZXF1ZXN0NDczNzExOTU=,https://github.com/cucumber/cucumber-js/pull/425,2015-10-11T17:15:31Z,2015-10-12T22:11:11Z
MDExOlB1bGxSZXF1ZXN0NDczNzc3Nzk=,https://github.com/cucumber/cucumber-js/pull/426,2015-10-11T23:07:26Z,2015-10-16T14:21:02Z
MDExOlB1bGxSZXF1ZXN0NDczNzg0ODI=,https://github.com/cucumber/cucumber-js/pull/427,2015-10-11T23:46:54Z,2015-10-12T15:36:38Z
MDExOlB1bGxSZXF1ZXN0NDc0NDMzNjM=,https://github.com/cucumber/cucumber-js/pull/428,2015-10-12T17:12:28Z,2015-10-13T15:10:02Z
MDExOlB1bGxSZXF1ZXN0NDc0NzYzNjk=,https://github.com/cucumber/cucumber-js/pull/429,2015-10-12T23:40:42Z,2015-10-16T14:48:12Z
MDExOlB1bGxSZXF1ZXN0NDc1ODA1Mjg=,https://github.com/cucumber/cucumber-js/pull/431,2015-10-13T19:57:36Z,2015-10-16T15:17:11Z
MDExOlB1bGxSZXF1ZXN0NDc3MjU1MTQ=,https://github.com/cucumber/cucumber-js/pull/432,2015-10-14T22:53:40Z,2015-10-17T16:02:44Z
MDExOlB1bGxSZXF1ZXN0NDc4NzE5MDA=,https://github.com/cucumber/cucumber-js/pull/434,2015-10-16T05:17:49Z,2015-10-25T21:17:40Z
MDExOlB1bGxSZXF1ZXN0NDc5ODkyMjU=,https://github.com/cucumber/cucumber-js/pull/436,2015-10-17T16:01:48Z,2015-10-21T00:02:57Z
MDExOlB1bGxSZXF1ZXN0NDg2ODkwNTI=,https://github.com/cucumber/cucumber-js/pull/442,2015-10-25T21:58:24Z,2015-11-05T16:48:08Z
MDExOlB1bGxSZXF1ZXN0NDg5Njg5MTY=,https://github.com/cucumber/cucumber-js/pull/444,2015-10-28T06:24:30Z,2015-10-28T09:46:06Z
MDExOlB1bGxSZXF1ZXN0NDk0MDk0NDM=,https://github.com/cucumber/cucumber-js/pull/448,2015-11-02T09:22:43Z,2015-11-02T17:46:11Z
MDExOlB1bGxSZXF1ZXN0NDk1OTUyNjg=,https://github.com/cucumber/cucumber-js/pull/450,2015-11-03T18:51:02Z,2016-05-30T17:48:08Z
MDExOlB1bGxSZXF1ZXN0NDk5ODIxMDM=,https://github.com/cucumber/cucumber-js/pull/451,2015-11-06T17:35:21Z,2015-11-06T21:46:50Z
MDExOlB1bGxSZXF1ZXN0NTA0MTA0NTE=,https://github.com/cucumber/cucumber-js/pull/454,2015-11-11T17:22:36Z,2015-11-16T16:58:30Z
MDExOlB1bGxSZXF1ZXN0NTA4NDE2MjQ=,https://github.com/cucumber/cucumber-js/pull/455,2015-11-16T17:42:03Z,2015-11-16T22:02:52Z
MDExOlB1bGxSZXF1ZXN0NTA4NDUxNzA=,https://github.com/cucumber/cucumber-js/pull/456,2015-11-16T18:12:59Z,2015-11-16T22:07:31Z
MDExOlB1bGxSZXF1ZXN0NTExMTU0NTU=,https://github.com/cucumber/cucumber-js/pull/457,2015-11-18T17:31:11Z,2015-11-24T21:32:07Z
MDExOlB1bGxSZXF1ZXN0NTEzODExMTc=,https://github.com/cucumber/cucumber-js/pull/459,2015-11-20T17:00:04Z,2015-11-20T17:04:53Z
MDExOlB1bGxSZXF1ZXN0NTIwMjE4MjA=,https://github.com/cucumber/cucumber-js/pull/462,2015-11-27T19:57:43Z,2015-12-01T16:55:43Z
MDExOlB1bGxSZXF1ZXN0NTIwNTQ1ODk=,https://github.com/cucumber/cucumber-js/pull/463,2015-11-29T04:26:02Z,2015-11-29T17:22:53Z
MDExOlB1bGxSZXF1ZXN0NTIyODY1MzI=,https://github.com/cucumber/cucumber-js/pull/464,2015-12-01T17:11:07Z,2015-12-22T23:13:58Z
MDExOlB1bGxSZXF1ZXN0NTM0OTM0OTQ=,https://github.com/cucumber/cucumber-js/pull/472,2015-12-13T05:45:47Z,2015-12-13T23:05:58Z
MDExOlB1bGxSZXF1ZXN0NTM1ODM2NjE=,https://github.com/cucumber/cucumber-js/pull/474,2015-12-14T16:01:54Z,2015-12-14T16:24:48Z
MDExOlB1bGxSZXF1ZXN0NTQxMzI3OTc=,https://github.com/cucumber/cucumber-js/pull/478,2015-12-18T18:12:26Z,2015-12-19T00:15:32Z
MDExOlB1bGxSZXF1ZXN0NTQyMDQ4MjA=,https://github.com/cucumber/cucumber-js/pull/479,2015-12-20T18:23:44Z,2016-02-17T02:50:07Z
MDExOlB1bGxSZXF1ZXN0NTQzNzY2ODA=,https://github.com/cucumber/cucumber-js/pull/481,2015-12-22T14:45:44Z,2015-12-22T21:38:21Z
MDExOlB1bGxSZXF1ZXN0NTQzNzcwNjQ=,https://github.com/cucumber/cucumber-js/pull/482,2015-12-22T14:49:10Z,2015-12-22T21:49:38Z
MDExOlB1bGxSZXF1ZXN0NTQzNzc0ODY=,https://github.com/cucumber/cucumber-js/pull/483,2015-12-22T14:53:08Z,2015-12-22T21:49:14Z
MDExOlB1bGxSZXF1ZXN0NTQzNzc5MTg=,https://github.com/cucumber/cucumber-js/pull/484,2015-12-22T14:57:18Z,2015-12-22T21:49:04Z
MDExOlB1bGxSZXF1ZXN0NTQzODI5NDk=,https://github.com/cucumber/cucumber-js/pull/486,2015-12-22T15:44:02Z,2015-12-22T21:48:50Z
MDExOlB1bGxSZXF1ZXN0NTQ0MzA3MjM=,https://github.com/cucumber/cucumber-js/pull/489,2015-12-23T00:32:24Z,2015-12-23T15:12:30Z
MDExOlB1bGxSZXF1ZXN0NTQ1OTc4MTY=,https://github.com/cucumber/cucumber-js/pull/491,2015-12-26T06:17:28Z,2016-07-01T23:53:25Z
MDExOlB1bGxSZXF1ZXN0NTYzNzM3NDc=,https://github.com/cucumber/cucumber-js/pull/498,2016-01-18T17:55:38Z,2016-01-19T19:56:41Z
MDExOlB1bGxSZXF1ZXN0NTcwNzU0NDY=,https://github.com/cucumber/cucumber-js/pull/501,2016-01-25T14:09:45Z,2016-01-26T16:17:42Z
MDExOlB1bGxSZXF1ZXN0NTc3NzA0Mjc=,https://github.com/cucumber/cucumber-js/pull/506,2016-01-31T14:51:26Z,2016-02-01T00:29:55Z
MDExOlB1bGxSZXF1ZXN0NTc3NzU0NjM=,https://github.com/cucumber/cucumber-js/pull/508,2016-01-31T18:12:24Z,2016-02-02T04:55:19Z
MDExOlB1bGxSZXF1ZXN0NTgyNzAwMjI=,https://github.com/cucumber/cucumber-js/pull/510,2016-02-04T10:56:46Z,2016-03-12T10:36:47Z
MDExOlB1bGxSZXF1ZXN0NTgzMjAyNDc=,https://github.com/cucumber/cucumber-js/pull/511,2016-02-04T17:27:24Z,2016-02-05T17:31:53Z
MDExOlB1bGxSZXF1ZXN0NjAyNDg4MDE=,https://github.com/cucumber/cucumber-js/pull/517,2016-02-22T22:01:55Z,2016-06-24T16:21:36Z
MDExOlB1bGxSZXF1ZXN0NjA2MzIwNjQ=,https://github.com/cucumber/cucumber-js/pull/521,2016-02-25T06:30:58Z,2016-03-22T21:31:08Z
MDExOlB1bGxSZXF1ZXN0NjE0NTU3Mjc=,https://github.com/cucumber/cucumber-js/pull/527,2016-03-02T19:45:35Z,2016-03-12T10:24:43Z
MDExOlB1bGxSZXF1ZXN0NjE2OTIzNDQ=,https://github.com/cucumber/cucumber-js/pull/529,2016-03-04T10:22:04Z,2016-05-30T17:01:52Z
MDExOlB1bGxSZXF1ZXN0NjE3OTU2NzY=,https://github.com/cucumber/cucumber-js/pull/531,2016-03-05T01:42:37Z,2016-04-08T03:40:14Z
MDExOlB1bGxSZXF1ZXN0NjI0MTM1NDI=,https://github.com/cucumber/cucumber-js/pull/536,2016-03-10T16:12:08Z,2016-03-12T10:26:14Z
MDExOlB1bGxSZXF1ZXN0NjI2MjYxMTg=,https://github.com/cucumber/cucumber-js/pull/539,2016-03-12T01:32:16Z,2016-03-20T09:40:14Z
MDExOlB1bGxSZXF1ZXN0NjMyNzk4NDM=,https://github.com/cucumber/cucumber-js/pull/543,2016-03-17T19:33:32Z,2016-03-20T09:39:16Z
MDExOlB1bGxSZXF1ZXN0NjM0OTE1MjA=,https://github.com/cucumber/cucumber-js/pull/544,2016-03-20T10:06:13Z,2016-03-20T11:59:15Z
MDExOlB1bGxSZXF1ZXN0NjM1MTI2OTA=,https://github.com/cucumber/cucumber-js/pull/546,2016-03-21T00:14:05Z,2016-03-25T02:13:55Z
MDExOlB1bGxSZXF1ZXN0NjQwNjIzMTQ=,https://github.com/cucumber/cucumber-js/pull/548,2016-03-24T16:39:54Z,2016-04-01T17:13:49Z
MDExOlB1bGxSZXF1ZXN0NjQxMjgzNTg=,https://github.com/cucumber/cucumber-js/pull/549,2016-03-25T03:43:05Z,2016-03-25T18:41:27Z
MDExOlB1bGxSZXF1ZXN0NjU1ODIxMzQ=,https://github.com/cucumber/cucumber-js/pull/555,2016-04-07T06:56:38Z,2016-04-08T01:02:55Z
MDExOlB1bGxSZXF1ZXN0NjU2NTE1NDc=,https://github.com/cucumber/cucumber-js/pull/556,2016-04-07T15:37:47Z,2016-04-08T01:03:15Z
MDExOlB1bGxSZXF1ZXN0NjU3MzMzMDc=,https://github.com/cucumber/cucumber-js/pull/557,2016-04-08T03:48:10Z,2016-10-10T15:13:44Z
MDExOlB1bGxSZXF1ZXN0NjY1MTMxNDM=,https://github.com/cucumber/cucumber-js/pull/559,2016-04-14T16:20:31Z,2016-04-22T07:24:06Z
MDExOlB1bGxSZXF1ZXN0Njc2NTYxNzU=,https://github.com/cucumber/cucumber-js/pull/562,2016-04-25T01:01:35Z,2016-05-30T16:36:43Z
MDExOlB1bGxSZXF1ZXN0Njc4NDI5MTk=,https://github.com/cucumber/cucumber-js/pull/566,2016-04-26T08:09:05Z,2016-04-26T08:52:08Z
MDExOlB1bGxSZXF1ZXN0NjkwOTUzOTg=,https://github.com/cucumber/cucumber-js/pull/571,2016-05-06T01:43:29Z,2016-05-18T20:51:36Z
MDExOlB1bGxSZXF1ZXN0NjkxMzAwNTQ=,https://github.com/cucumber/cucumber-js/pull/573,2016-05-06T10:07:53Z,2016-05-31T18:54:03Z
MDExOlB1bGxSZXF1ZXN0NzM0OTI0MzU=,https://github.com/cucumber/cucumber-js/pull/588,2016-06-12T10:05:20Z,2016-06-19T20:25:50Z
MDExOlB1bGxSZXF1ZXN0NzM2Njg0MjM=,https://github.com/cucumber/cucumber-js/pull/589,2016-06-14T01:37:07Z,2016-06-24T06:11:51Z
MDExOlB1bGxSZXF1ZXN0NzM5Njc5Mjk=,https://github.com/cucumber/cucumber-js/pull/590,2016-06-15T19:17:50Z,2016-06-16T01:37:36Z
MDExOlB1bGxSZXF1ZXN0NzQyNDg4NzM=,https://github.com/cucumber/cucumber-js/pull/592,2016-06-17T14:13:30Z,2016-06-24T07:40:58Z
MDExOlB1bGxSZXF1ZXN0NzQzNjAwODA=,https://github.com/cucumber/cucumber-js/pull/595,2016-06-19T10:28:08Z,2016-06-19T20:24:51Z
MDExOlB1bGxSZXF1ZXN0NzYzNzgyNzg=,https://github.com/cucumber/cucumber-js/pull/605,2016-07-06T04:45:38Z,2016-09-18T00:25:23Z
MDExOlB1bGxSZXF1ZXN0NzY2MzkxNzc=,https://github.com/cucumber/cucumber-js/pull/606,2016-07-07T18:02:31Z,2016-08-29T05:17:29Z
MDExOlB1bGxSZXF1ZXN0NzY4ODEyOTk=,https://github.com/cucumber/cucumber-js/pull/609,2016-07-10T19:22:34Z,2016-07-19T22:08:35Z
MDExOlB1bGxSZXF1ZXN0ODAwNDY0MDg=,https://github.com/cucumber/cucumber-js/pull/621,2016-08-04T09:28:46Z,2016-09-08T16:21:13Z
MDExOlB1bGxSZXF1ZXN0ODE3NTA1NDg=,https://github.com/cucumber/cucumber-js/pull/628,2016-08-18T03:07:38Z,2016-08-18T16:59:21Z
MDExOlB1bGxSZXF1ZXN0ODQ2NzY1ODU=,https://github.com/cucumber/cucumber-js/pull/633,2016-09-09T16:06:13Z,2016-09-09T16:24:36Z
MDExOlB1bGxSZXF1ZXN0ODQ3ODczOTU=,https://github.com/cucumber/cucumber-js/pull/635,2016-09-11T14:10:02Z,2016-09-12T20:19:56Z
MDExOlB1bGxSZXF1ZXN0ODUyMzQyNDY=,https://github.com/cucumber/cucumber-js/pull/637,2016-09-14T14:06:55Z,2016-09-14T15:52:42Z
MDExOlB1bGxSZXF1ZXN0ODU1NDgxMjY=,https://github.com/cucumber/cucumber-js/pull/638,2016-09-16T10:09:06Z,2016-09-16T15:53:31Z
MDExOlB1bGxSZXF1ZXN0ODY1ODU1Mjc=,https://github.com/cucumber/cucumber-js/pull/644,2016-09-23T21:40:56Z,2016-09-23T21:47:58Z
MDExOlB1bGxSZXF1ZXN0OTAxMTkzMDE=,https://github.com/cucumber/cucumber-js/pull/655,2016-10-20T01:27:43Z,2016-10-20T16:57:34Z
MDExOlB1bGxSZXF1ZXN0OTA1MDI3NTc=,https://github.com/cucumber/cucumber-js/pull/659,2016-10-23T02:36:41Z,2016-10-23T18:50:06Z
MDExOlB1bGxSZXF1ZXN0OTA1MDQ0ODM=,https://github.com/cucumber/cucumber-js/pull/660,2016-10-23T04:13:44Z,2016-11-23T17:20:56Z
MDExOlB1bGxSZXF1ZXN0OTA2MTM2NTg=,https://github.com/cucumber/cucumber-js/pull/661,2016-10-24T13:39:02Z,2016-10-24T16:46:42Z
MDExOlB1bGxSZXF1ZXN0OTE0NzczNTU=,https://github.com/cucumber/cucumber-js/pull/664,2016-10-29T03:30:52Z,2016-10-29T03:31:57Z
MDExOlB1bGxSZXF1ZXN0OTE0Nzk0Njc=,https://github.com/cucumber/cucumber-js/pull/665,2016-10-29T05:17:34Z,2016-11-23T17:20:36Z
MDExOlB1bGxSZXF1ZXN0OTUwNzgzMDI=,https://github.com/cucumber/cucumber-js/pull/677,2016-11-23T20:57:40Z,2016-11-26T20:07:29Z
MDExOlB1bGxSZXF1ZXN0OTUzODQxNjM=,https://github.com/cucumber/cucumber-js/pull/680,2016-11-26T21:45:53Z,2017-01-31T17:05:40Z
MDExOlB1bGxSZXF1ZXN0OTYzOTQzMTY=,https://github.com/cucumber/cucumber-js/pull/684,2016-12-03T10:52:01Z,2016-12-04T07:31:49Z
MDExOlB1bGxSZXF1ZXN0OTY0MjQ2Mjk=,https://github.com/cucumber/cucumber-js/pull/685,2016-12-04T07:28:25Z,2016-12-04T17:07:06Z
MDExOlB1bGxSZXF1ZXN0OTY0MzkwOTc=,https://github.com/cucumber/cucumber-js/pull/687,2016-12-04T17:20:43Z,2016-12-04T18:13:43Z
MDExOlB1bGxSZXF1ZXN0OTY0Mzk2NzI=,https://github.com/cucumber/cucumber-js/pull/688,2016-12-04T17:37:26Z,2016-12-04T18:12:54Z
MDExOlB1bGxSZXF1ZXN0OTY0NDAyNzE=,https://github.com/cucumber/cucumber-js/pull/689,2016-12-04T17:58:34Z,2016-12-05T04:12:58Z
MDExOlB1bGxSZXF1ZXN0OTY2OTk1Mzg=,https://github.com/cucumber/cucumber-js/pull/691,2016-12-06T10:41:40Z,2016-12-06T17:29:18Z
MDExOlB1bGxSZXF1ZXN0OTcwNjIyNjE=,https://github.com/cucumber/cucumber-js/pull/693,2016-12-08T05:39:30Z,2016-12-11T22:07:25Z
MDExOlB1bGxSZXF1ZXN0OTcwNjg5MzU=,https://github.com/cucumber/cucumber-js/pull/694,2016-12-08T06:57:04Z,2016-12-19T20:52:45Z
MDExOlB1bGxSZXF1ZXN0OTg0NTgzMzk=,https://github.com/cucumber/cucumber-js/pull/699,2016-12-17T22:47:57Z,2016-12-19T15:44:39Z
MDExOlB1bGxSZXF1ZXN0OTg0NTg3NDk=,https://github.com/cucumber/cucumber-js/pull/700,2016-12-17T23:05:55Z,2016-12-18T00:40:17Z
MDExOlB1bGxSZXF1ZXN0OTg0NjEzMTU=,https://github.com/cucumber/cucumber-js/pull/701,2016-12-18T01:15:17Z,2016-12-19T15:43:47Z
MDExOlB1bGxSZXF1ZXN0OTg5NTQ3MzE=,https://github.com/cucumber/cucumber-js/pull/703,2016-12-21T15:42:17Z,2016-12-21T17:47:01Z
MDExOlB1bGxSZXF1ZXN0OTkwMTE1NTg=,https://github.com/cucumber/cucumber-js/pull/704,2016-12-21T21:54:36Z,2016-12-22T01:58:30Z
MDExOlB1bGxSZXF1ZXN0OTkxNzg0NTY=,https://github.com/cucumber/cucumber-js/pull/705,2016-12-22T22:17:55Z,2016-12-23T15:37:52Z
MDExOlB1bGxSZXF1ZXN0OTkzMDcwMTk=,https://github.com/cucumber/cucumber-js/pull/706,2016-12-24T16:36:45Z,2017-01-06T21:11:49Z
MDExOlB1bGxSZXF1ZXN0OTk3MDc3NzU=,https://github.com/cucumber/cucumber-js/pull/711,2016-12-29T23:05:02Z,2016-12-30T01:41:31Z
MDExOlB1bGxSZXF1ZXN0MTAxNzY1MjIw,https://github.com/cucumber/cucumber-js/pull/721,2017-01-16T22:06:31Z,2017-09-23T21:33:36Z
MDExOlB1bGxSZXF1ZXN0MTAxOTExNDYw,https://github.com/cucumber/cucumber-js/pull/722,2017-01-17T17:37:45Z,2017-01-26T19:58:32Z
MDExOlB1bGxSZXF1ZXN0MTAyMTM1OTM3,https://github.com/cucumber/cucumber-js/pull/726,2017-01-18T19:46:15Z,2017-01-26T17:56:43Z
MDExOlB1bGxSZXF1ZXN0MTAyNjA5NDg4,https://github.com/cucumber/cucumber-js/pull/738,2017-01-22T06:18Z,2017-01-22T13:14:02Z
MDExOlB1bGxSZXF1ZXN0MTAzNjI3NDcz,https://github.com/cucumber/cucumber-js/pull/744,2017-01-28T22:42:38Z,2017-01-28T23:33:34Z
MDExOlB1bGxSZXF1ZXN0MTA0NjkzODQw,https://github.com/cucumber/cucumber-js/pull/752,2017-02-05T09:34:21Z,2017-04-26T16:56:39Z
MDExOlB1bGxSZXF1ZXN0MTA1MTExNDI2,https://github.com/cucumber/cucumber-js/pull/753,2017-02-07T22:47:18Z,2017-03-09T23:58:12Z
MDExOlB1bGxSZXF1ZXN0MTA2NzM5ODEy,https://github.com/cucumber/cucumber-js/pull/764,2017-02-17T14:11:25Z,2017-03-09T23:54:41Z
MDExOlB1bGxSZXF1ZXN0MTA2ODQwMTAw,https://github.com/cucumber/cucumber-js/pull/766,2017-02-18T01:08:53Z,2017-03-09T23:54:43Z
MDExOlB1bGxSZXF1ZXN0MTEwMDM0ODgz,https://github.com/cucumber/cucumber-js/pull/780,2017-03-10T00:13:37Z,2017-03-10T01:21:25Z
MDExOlB1bGxSZXF1ZXN0MTEwMDQwMDEw,https://github.com/cucumber/cucumber-js/pull/781,2017-03-10T01:00:44Z,2017-03-10T02:10:07Z
MDExOlB1bGxSZXF1ZXN0MTExMTc5NzMw,https://github.com/cucumber/cucumber-js/pull/788,2017-03-16T22:34:15Z,2017-03-16T23:13:49Z
MDExOlB1bGxSZXF1ZXN0MTExNTkzOTcx,https://github.com/cucumber/cucumber-js/pull/793,2017-03-20T16:30:52Z,2017-03-20T17:23:37Z
MDExOlB1bGxSZXF1ZXN0MTExODMwNzgz,https://github.com/cucumber/cucumber-js/pull/794,2017-03-21T17:07:22Z,2017-03-21T17:48:01Z
MDExOlB1bGxSZXF1ZXN0MTEyMjEwNDMz,https://github.com/cucumber/cucumber-js/pull/797,2017-03-23T10:55:46Z,2017-03-23T10:56:57Z
MDExOlB1bGxSZXF1ZXN0MTEyMjIyOTQz,https://github.com/cucumber/cucumber-js/pull/798,2017-03-23T12:08:10Z,2017-04-24T20:16:07Z
MDExOlB1bGxSZXF1ZXN0MTEzNjQyMjk3,https://github.com/cucumber/cucumber-js/pull/807,2017-03-31T12:49:07Z,2017-04-19T17:06:42Z
MDExOlB1bGxSZXF1ZXN0MTE1NDYxNTU3,https://github.com/cucumber/cucumber-js/pull/810,2017-04-12T04:24:54Z,2017-04-12T20:23:45Z
MDExOlB1bGxSZXF1ZXN0MTE5MTc0MzQ1,https://github.com/cucumber/cucumber-js/pull/823,2017-05-05T13:21:35Z,2017-05-13T15:36:52Z
MDExOlB1bGxSZXF1ZXN0MTE5ODY2NjYz,https://github.com/cucumber/cucumber-js/pull/827,2017-05-10T12:05:20Z,2017-05-13T15:26:18Z
MDExOlB1bGxSZXF1ZXN0MTE5ODY4NDM3,https://github.com/cucumber/cucumber-js/pull/828,2017-05-10T12:15:59Z,2017-05-11T08:59:39Z
MDExOlB1bGxSZXF1ZXN0MTE5ODY5NTM1,https://github.com/cucumber/cucumber-js/pull/829,2017-05-10T12:22:14Z,2017-05-25T17:23:28Z
MDExOlB1bGxSZXF1ZXN0MTIwMDY1NTAz,https://github.com/cucumber/cucumber-js/pull/831,2017-05-11T09:45:50Z,2017-06-02T02:11:12Z
MDExOlB1bGxSZXF1ZXN0MTIwMzc2NDI5,https://github.com/cucumber/cucumber-js/pull/833,2017-05-12T18:07:57Z,2017-05-12T19:18:25Z
MDExOlB1bGxSZXF1ZXN0MTIyNDU2ODc1,https://github.com/cucumber/cucumber-js/pull/838,2017-05-25T14:55:06Z,2017-06-10T01:05:31Z
MDExOlB1bGxSZXF1ZXN0MTIzMDQ4NjY4,https://github.com/cucumber/cucumber-js/pull/841,2017-05-30T13:22:10Z,2017-06-02T02:10:56Z
MDExOlB1bGxSZXF1ZXN0MTI1MDE1ODMy,https://github.com/cucumber/cucumber-js/pull/853,2017-06-11T06:49:57Z,2017-07-26T06:24:29Z
MDExOlB1bGxSZXF1ZXN0MTI1NTI2ODAy,https://github.com/cucumber/cucumber-js/pull/855,2017-06-14T07:23:26Z,2017-06-22T08:50:26Z
MDExOlB1bGxSZXF1ZXN0MTI2NTAzNzM2,https://github.com/cucumber/cucumber-js/pull/857,2017-06-20T10:58:11Z,2017-06-20T20:55:21Z
MDExOlB1bGxSZXF1ZXN0MTI3MTQ5OTE1,https://github.com/cucumber/cucumber-js/pull/860,2017-06-23T07:35:02Z,2017-06-23T08:04:35Z
MDExOlB1bGxSZXF1ZXN0MTI3MzM3MjIy,https://github.com/cucumber/cucumber-js/pull/861,2017-06-24T17:29:37Z,2017-06-24T23:36:34Z
MDExOlB1bGxSZXF1ZXN0MTI3MzM3MzA0,https://github.com/cucumber/cucumber-js/pull/862,2017-06-24T17:32:34Z,2017-06-24T21:53:16Z
MDExOlB1bGxSZXF1ZXN0MTI3MzM3OTUy,https://github.com/cucumber/cucumber-js/pull/863,2017-06-24T17:54:36Z,2017-06-29T17:49:54Z
MDExOlB1bGxSZXF1ZXN0MTI3MzQ1MzE1,https://github.com/cucumber/cucumber-js/pull/864,2017-06-24T22:12Z,2017-06-28T17:53:55Z
MDExOlB1bGxSZXF1ZXN0MTI3MzU5Mjg3,https://github.com/cucumber/cucumber-js/pull/865,2017-06-25T10:11:12Z,2017-09-13T20:34:25Z
MDExOlB1bGxSZXF1ZXN0MTI3MzU5OTI3,https://github.com/cucumber/cucumber-js/pull/866,2017-06-25T10:41:26Z,2017-06-29T17:24:15Z
MDExOlB1bGxSZXF1ZXN0MTI3OTc1NzYx,https://github.com/cucumber/cucumber-js/pull/868,2017-06-28T17:20:09Z,2017-06-29T18:11:09Z
MDExOlB1bGxSZXF1ZXN0MTI4MDQxMDM4,https://github.com/cucumber/cucumber-js/pull/869,2017-06-28T23:24:49Z,2017-08-05T02:16:30Z
MDExOlB1bGxSZXF1ZXN0MTMwMTMzMTYy,https://github.com/cucumber/cucumber-js/pull/877,2017-07-12T13:03:33Z,2017-07-12T16:31:56Z
MDExOlB1bGxSZXF1ZXN0MTMwNTE4NDk1,https://github.com/cucumber/cucumber-js/pull/878,2017-07-14T05:31:05Z,2017-07-15T04:03:25Z
MDExOlB1bGxSZXF1ZXN0MTMxNDY4NjU1,https://github.com/cucumber/cucumber-js/pull/879,2017-07-20T04:40:57Z,2017-08-02T14:37:49Z
MDExOlB1bGxSZXF1ZXN0MTMyNDM4ODM4,https://github.com/cucumber/cucumber-js/pull/881,2017-07-26T06:22:59Z,2017-08-02T05:44:30Z
MDExOlB1bGxSZXF1ZXN0MTMzNzUzNjQ5,https://github.com/cucumber/cucumber-js/pull/886,2017-08-02T16:29:04Z,2017-09-23T21:32:12Z
MDExOlB1bGxSZXF1ZXN0MTM1MDY2NzY2,https://github.com/cucumber/cucumber-js/pull/893,2017-08-10T08:23:18Z,2017-08-11T15:21:17Z
MDExOlB1bGxSZXF1ZXN0MTM1MzU4MTY0,https://github.com/cucumber/cucumber-js/pull/898,2017-08-11T15:14:57Z,2017-08-11T15:20Z
MDExOlB1bGxSZXF1ZXN0MTM1MzY0Nzgz,https://github.com/cucumber/cucumber-js/pull/899,2017-08-11T15:46:41Z,2017-08-16T05:49Z
MDExOlB1bGxSZXF1ZXN0MTM1OTUzMzEx,https://github.com/cucumber/cucumber-js/pull/903,2017-08-16T06:56:29Z,2017-08-16T16:26:24Z
MDExOlB1bGxSZXF1ZXN0MTM2MTk5NTAy,https://github.com/cucumber/cucumber-js/pull/904,2017-08-17T08:29:39Z,2017-08-30T23:53:59Z
MDExOlB1bGxSZXF1ZXN0MTM2MjA5Njky,https://github.com/cucumber/cucumber-js/pull/905,2017-08-17T09:21:41Z,2017-08-27T17:41:15Z
MDExOlB1bGxSZXF1ZXN0MTM2Mjk0OTIx,https://github.com/cucumber/cucumber-js/pull/906,2017-08-17T16:05:25Z,2017-08-23T16:13:13Z
MDExOlB1bGxSZXF1ZXN0MTM2MzIzMDQ4,https://github.com/cucumber/cucumber-js/pull/907,2017-08-17T18:28:39Z,2017-09-13T21:37:57Z
MDExOlB1bGxSZXF1ZXN0MTM2ODU5MzY3,https://github.com/cucumber/cucumber-js/pull/909,2017-08-21T22:54:48Z,2017-08-23T16:15:18Z
MDExOlB1bGxSZXF1ZXN0MTM3MDA0Mzk5,https://github.com/cucumber/cucumber-js/pull/911,2017-08-22T15:04:17Z,2017-08-23T14:06:48Z
MDExOlB1bGxSZXF1ZXN0MTM3MTEyNzc3,https://github.com/cucumber/cucumber-js/pull/912,2017-08-23T01:29:12Z,2017-09-23T21:30:48Z
MDExOlB1bGxSZXF1ZXN0MTM3MzU1MDQ0,https://github.com/cucumber/cucumber-js/pull/915,2017-08-24T02:08:50Z,2017-08-24T02:10:12Z
MDExOlB1bGxSZXF1ZXN0MTM3ODQxNjEy,https://github.com/cucumber/cucumber-js/pull/919,2017-08-27T17:41:01Z,2017-08-29T05:09:19Z
MDExOlB1bGxSZXF1ZXN0MTM5MzUyMjA3,https://github.com/cucumber/cucumber-js/pull/925,2017-09-05T15:23:19Z,2017-09-13T20:31:26Z
MDExOlB1bGxSZXF1ZXN0MTQyMDcwNjk0,https://github.com/cucumber/cucumber-js/pull/930,2017-09-20T11:06:14Z,2017-10-04T14:51:48Z
MDExOlB1bGxSZXF1ZXN0MTQzNjU1NjM4,https://github.com/cucumber/cucumber-js/pull/940,2017-09-28T13:58:11Z,2017-10-04T15:36:17Z
MDExOlB1bGxSZXF1ZXN0MTQ0NjY2OTU5,https://github.com/cucumber/cucumber-js/pull/942,2017-10-04T13:19:06Z,2017-11-16T14:49:20Z
MDExOlB1bGxSZXF1ZXN0MTQ1MzEyNjM1,https://github.com/cucumber/cucumber-js/pull/947,2017-10-07T23:03:50Z,2017-10-14T15:33:39Z
MDExOlB1bGxSZXF1ZXN0MTQ1ODg4MjQ4,https://github.com/cucumber/cucumber-js/pull/948,2017-10-11T08:44:28Z,2017-10-12T08:16:17Z
MDExOlB1bGxSZXF1ZXN0MTQ2NjA4Nzkz,https://github.com/cucumber/cucumber-js/pull/951,2017-10-14T16:00:09Z,2017-10-24T16:01:50Z
MDExOlB1bGxSZXF1ZXN0MTQ2Njg3ODQw,https://github.com/cucumber/cucumber-js/pull/952,2017-10-16T03:03:33Z,2017-11-05T21:33:45Z
MDExOlB1bGxSZXF1ZXN0MTQ3MTQ2NDkw,https://github.com/cucumber/cucumber-js/pull/954,2017-10-17T20:36:03Z,2017-10-18T01:15:02Z
MDExOlB1bGxSZXF1ZXN0MTQ3NTcxMTcw,https://github.com/cucumber/cucumber-js/pull/958,2017-10-19T14:26Z,2017-11-05T21:35:59Z
MDExOlB1bGxSZXF1ZXN0MTQ3OTYzMzM1,https://github.com/cucumber/cucumber-js/pull/960,2017-10-21T21:19:43Z,2017-11-05T22:06:23Z
MDExOlB1bGxSZXF1ZXN0MTQ4MjYyNjA2,https://github.com/cucumber/cucumber-js/pull/962,2017-10-23T23:14:51Z,2017-10-24T15:59:14Z
MDExOlB1bGxSZXF1ZXN0MTQ5ODA4MjM4,https://github.com/cucumber/cucumber-js/pull/968,2017-10-31T14:51:10Z,2018-01-24T23:25:24Z
MDExOlB1bGxSZXF1ZXN0MTUxMTY4NTcw,https://github.com/cucumber/cucumber-js/pull/973,2017-11-07T16:50:10Z,2017-11-28T16:19:47Z
MDExOlB1bGxSZXF1ZXN0MTU1MTgyMDI4,https://github.com/cucumber/cucumber-js/pull/980,2017-11-28T21:01:23Z,2017-12-01T17:12:53Z
MDExOlB1bGxSZXF1ZXN0MTU4NzMwMDkz,https://github.com/cucumber/cucumber-js/pull/987,2017-12-16T04:38:40Z,2017-12-19T23:15:55Z
MDExOlB1bGxSZXF1ZXN0MTYxMDEzODk2,https://github.com/cucumber/cucumber-js/pull/995,2018-01-03T22:23:37Z,2018-01-04T00:43:33Z
MDExOlB1bGxSZXF1ZXN0MTYxNTQ1NTIz,https://github.com/cucumber/cucumber-js/pull/998,2018-01-07T23:57:48Z,2018-01-08T17:18:04Z
MDExOlB1bGxSZXF1ZXN0MTYxNjgwMTU0,https://github.com/cucumber/cucumber-js/pull/1002,2018-01-08T17:17:50Z,2018-01-10T17:55:38Z
MDExOlB1bGxSZXF1ZXN0MTYxNzM5MTc4,https://github.com/cucumber/cucumber-js/pull/1003,2018-01-08T22:16:47Z,2018-01-24T01:30:44Z
MDExOlB1bGxSZXF1ZXN0MTYyMDQzMzA2,https://github.com/cucumber/cucumber-js/pull/1005,2018-01-10T06:09:42Z,2018-01-11T16:31:08Z
MDExOlB1bGxSZXF1ZXN0MTYyMTY5ODE4,https://github.com/cucumber/cucumber-js/pull/1006,2018-01-10T16:30:42Z,2018-01-24T01:06:43Z
MDExOlB1bGxSZXF1ZXN0MTYyNDI3Mzk2,https://github.com/cucumber/cucumber-js/pull/1008,2018-01-11T16:35:46Z,2018-01-24T00:24:14Z
MDExOlB1bGxSZXF1ZXN0MTY0NjMyMTQ4,https://github.com/cucumber/cucumber-js/pull/1018,2018-01-23T16:56:29Z,2018-01-24T23:24:58Z
MDExOlB1bGxSZXF1ZXN0MTY0NzMxOTk0,https://github.com/cucumber/cucumber-js/pull/1020,2018-01-24T01:06:16Z,2018-01-24T17:37:40Z
MDExOlB1bGxSZXF1ZXN0MTY0OTk2NDQw,https://github.com/cucumber/cucumber-js/pull/1022,2018-01-24T23:59:44Z,2018-01-25T01:45:08Z
MDExOlB1bGxSZXF1ZXN0MTY0OTk2NDg4,https://github.com/cucumber/cucumber-js/pull/1023,2018-01-25T00:00:05Z,2018-01-25T03:47:31Z
MDExOlB1bGxSZXF1ZXN0MTY1MDA2OTA0,https://github.com/cucumber/cucumber-js/pull/1024,2018-01-25T01:20:02Z,2018-01-25T03:47:57Z
MDExOlB1bGxSZXF1ZXN0MTY1NTk3MjU2,https://github.com/cucumber/cucumber-js/pull/1028,2018-01-29T00:34:53Z,2018-03-19T23:50:42Z
MDExOlB1bGxSZXF1ZXN0MTY1OTcwODUx,https://github.com/cucumber/cucumber-js/pull/1030,2018-01-30T12:43:47Z,2018-03-20T00:10:20Z
MDExOlB1bGxSZXF1ZXN0MTY2MTI3OTEx,https://github.com/cucumber/cucumber-js/pull/1033,2018-01-30T23:35:13Z,2020-03-07T19:01:31Z
MDExOlB1bGxSZXF1ZXN0MTY3MTY4MjY3,https://github.com/cucumber/cucumber-js/pull/1039,2018-02-05T15:06:50Z,2018-03-19T23:51:31Z
MDExOlB1bGxSZXF1ZXN0MTY5MzY5ODky,https://github.com/cucumber/cucumber-js/pull/1041,2018-02-15T13:23:14Z,2018-03-21T17:50:45Z
MDExOlB1bGxSZXF1ZXN0MTczNzY5NjQ4,https://github.com/cucumber/cucumber-js/pull/1047,2018-03-08T15:39:49Z,2018-03-09T09:46:26Z
MDExOlB1bGxSZXF1ZXN0MTczODAwMDMy,https://github.com/cucumber/cucumber-js/pull/1048,2018-03-08T17:29:14Z,2018-03-08T17:35:36Z
MDExOlB1bGxSZXF1ZXN0MTc2MDU5MjM2,https://github.com/cucumber/cucumber-js/pull/1051,2018-03-20T00:19:55Z,2018-03-20T16:06:03Z
MDExOlB1bGxSZXF1ZXN0MTc2MDYwNDc5,https://github.com/cucumber/cucumber-js/pull/1052,2018-03-20T00:30:11Z,2018-03-20T16:06:31Z
MDExOlB1bGxSZXF1ZXN0MTc2MjU4NzUx,https://github.com/cucumber/cucumber-js/pull/1053,2018-03-20T17:01:27Z,2018-03-27T16:20:21Z
MDExOlB1bGxSZXF1ZXN0MTc4NDYxNTM3,https://github.com/cucumber/cucumber-js/pull/1055,2018-03-29T22:59:17Z,2018-04-03T17:55:40Z
MDExOlB1bGxSZXF1ZXN0MTc4NDczODAy,https://github.com/cucumber/cucumber-js/pull/1056,2018-03-30T00:51:56Z,2018-09-29T16:37:59Z
MDExOlB1bGxSZXF1ZXN0MTc4NzU2Mzgw,https://github.com/cucumber/cucumber-js/pull/1058,2018-04-02T00:57:09Z,2020-03-07T18:59:47Z
MDExOlB1bGxSZXF1ZXN0MTgwMzc3NDA5,https://github.com/cucumber/cucumber-js/pull/1064,2018-04-09T17:36:13Z,2018-04-09T18:06:51Z
MDExOlB1bGxSZXF1ZXN0MTgwNDAyNjE1,https://github.com/cucumber/cucumber-js/pull/1065,2018-04-09T19:23:29Z,2018-04-09T19:28:46Z
MDExOlB1bGxSZXF1ZXN0MTgyMDA2MDc2,https://github.com/cucumber/cucumber-js/pull/1069,2018-04-16T22:32:55Z,2018-05-29T04:42:15Z
MDExOlB1bGxSZXF1ZXN0MTg0NzAzOTk3,https://github.com/cucumber/cucumber-js/pull/1080,2018-04-27T19:10:10Z,2018-04-27T21:26Z
MDExOlB1bGxSZXF1ZXN0MTg0NzI3NTk4,https://github.com/cucumber/cucumber-js/pull/1081,2018-04-27T21:04:30Z,2018-04-27T23:26:40Z
MDExOlB1bGxSZXF1ZXN0MTg0OTA5NDY3,https://github.com/cucumber/cucumber-js/pull/1082,2018-04-30T09:14:47Z,2019-10-05T02:59:16Z
MDExOlB1bGxSZXF1ZXN0MTg1MDEyMTUw,https://github.com/cucumber/cucumber-js/pull/1084,2018-04-30T17:12:12Z,2018-05-29T04:41:25Z
MDExOlB1bGxSZXF1ZXN0MTg2MTY4NTU1,https://github.com/cucumber/cucumber-js/pull/1088,2018-05-05T18:03Z,2018-05-09T01:55:14Z
MDExOlB1bGxSZXF1ZXN0MTg4NjY2MjIz,https://github.com/cucumber/cucumber-js/pull/1093,2018-05-17T08:57:10Z,2018-05-17T19:39:45Z
MDExOlB1bGxSZXF1ZXN0MTkwNzQzNjI2,https://github.com/cucumber/cucumber-js/pull/1099,2018-05-26T14:10:41Z,2020-03-07T21:51:39Z
MDExOlB1bGxSZXF1ZXN0MTkxMDA5NTA0,https://github.com/cucumber/cucumber-js/pull/1101,2018-05-29T00:10:06Z,2018-05-29T04:32:32Z
MDExOlB1bGxSZXF1ZXN0MTkxNDQzNjcw,https://github.com/cucumber/cucumber-js/pull/1103,2018-05-30T12:57:59Z,2018-06-19T17:00:13Z
MDExOlB1bGxSZXF1ZXN0MjA1Njg2NzM3,https://github.com/cucumber/cucumber-js/pull/1113,2018-08-02T10:22:11Z,2018-08-03T02:17:31Z
MDExOlB1bGxSZXF1ZXN0MjA3NDM0NTQy,https://github.com/cucumber/cucumber-js/pull/1114,2018-08-09T20:31:24Z,2018-08-10T14:42:32Z
MDExOlB1bGxSZXF1ZXN0MjA3NTQ4MjE1,https://github.com/cucumber/cucumber-js/pull/1115,2018-08-10T08:58:46Z,2018-10-08T16:33:28Z
MDExOlB1bGxSZXF1ZXN0MjEwODUwNjM4,https://github.com/cucumber/cucumber-js/pull/1121,2018-08-24T21:14:45Z,2019-08-24T22:56:30Z
MDExOlB1bGxSZXF1ZXN0MjEyMTQwMzc5,https://github.com/cucumber/cucumber-js/pull/1123,2018-08-30T16:33:47Z,2018-09-03T08:46:56Z
MDExOlB1bGxSZXF1ZXN0MjEyNjc5OTkx,https://github.com/cucumber/cucumber-js/pull/1125,2018-09-03T08:49:21Z,2018-09-06T04:53:12Z
MDExOlB1bGxSZXF1ZXN0MjEyNjgwMjE0,https://github.com/cucumber/cucumber-js/pull/1126,2018-09-03T08:50:13Z,2018-09-07T05:37:37Z
MDExOlB1bGxSZXF1ZXN0MjEyNjgyMDg4,https://github.com/cucumber/cucumber-js/pull/1127,2018-09-03T08:57:27Z,2018-09-06T04:51:46Z
MDExOlB1bGxSZXF1ZXN0MjE0NTU2OTk5,https://github.com/cucumber/cucumber-js/pull/1131,2018-09-11T08:48:44Z,2018-09-15T15:30:30Z
MDExOlB1bGxSZXF1ZXN0MjE1NzE2Nzkx,https://github.com/cucumber/cucumber-js/pull/1133,2018-09-14T21:33:48Z,2018-12-04T06:22:18Z
MDExOlB1bGxSZXF1ZXN0MjE1NzkzMTM1,https://github.com/cucumber/cucumber-js/pull/1134,2018-09-15T22:48:33Z,2018-09-15T22:49:25Z
MDExOlB1bGxSZXF1ZXN0MjIyNTQ4Mjgy,https://github.com/cucumber/cucumber-js/pull/1143,2018-10-12T18:22:48Z,2019-08-24T22:46:13Z
MDExOlB1bGxSZXF1ZXN0MjI4MTExNjA5,https://github.com/cucumber/cucumber-js/pull/1151,2018-11-03T10:37:43Z,2018-12-04T06:03:16Z
MDExOlB1bGxSZXF1ZXN0MjM0NDUxOTE0,https://github.com/cucumber/cucumber-js/pull/1157,2018-11-28T22:53:58Z,2018-12-04T06:05:20Z
MDExOlB1bGxSZXF1ZXN0MjM0NzM0NjIx,https://github.com/cucumber/cucumber-js/pull/1158,2018-11-29T18:06:24Z,2019-04-13T16:26:16Z
MDExOlB1bGxSZXF1ZXN0MjQwNTk4OTg5,https://github.com/cucumber/cucumber-js/pull/1161,2018-12-21T23:29:35Z,2019-01-17T14:28:12Z
MDExOlB1bGxSZXF1ZXN0MjQyNDc0ODg5,https://github.com/cucumber/cucumber-js/pull/1162,2019-01-06T04:14:57Z,2019-05-26T21:03:03Z
MDExOlB1bGxSZXF1ZXN0MjQ1MTQ3MDE3,https://github.com/cucumber/cucumber-js/pull/1165,2019-01-16T13:30:06Z,2019-01-16T13:55:09Z
MDExOlB1bGxSZXF1ZXN0MjUwMDM1Nzg1,https://github.com/cucumber/cucumber-js/pull/1171,2019-02-04T12:34:51Z,2019-02-05T10:05:34Z
MDExOlB1bGxSZXF1ZXN0MjUxMTkwMTU2,https://github.com/cucumber/cucumber-js/pull/1173,2019-02-07T16:53:51Z,2019-02-10T01:36:44Z
MDExOlB1bGxSZXF1ZXN0MjYwOTA2OTQ0,https://github.com/cucumber/cucumber-js/pull/1184,2019-03-13T19:25:38Z,2019-04-13T17:24:13Z
MDExOlB1bGxSZXF1ZXN0MjY1MDAxMDA2,https://github.com/cucumber/cucumber-js/pull/1186,2019-03-27T16:17:48Z,2019-04-13T16:17:29Z
MDExOlB1bGxSZXF1ZXN0MjY4MDI4MzIw,https://github.com/cucumber/cucumber-js/pull/1189,2019-04-06T10:50:44Z,2019-04-13T17:45:17Z
MDExOlB1bGxSZXF1ZXN0MjY5NTcyNzM4,https://github.com/cucumber/cucumber-js/pull/1192,2019-04-11T13:26:23Z,2019-04-14T20:43:03Z
MDExOlB1bGxSZXF1ZXN0MjcwMjQyMTky,https://github.com/cucumber/cucumber-js/pull/1193,2019-04-13T17:34Z,2019-04-14T20:54:17Z
MDExOlB1bGxSZXF1ZXN0MjcyNzgwMTM5,https://github.com/cucumber/cucumber-js/pull/1197,2019-04-23T15:23:12Z,2019-06-16T00:59:43Z
MDExOlB1bGxSZXF1ZXN0MjczNjExMjI3,https://github.com/cucumber/cucumber-js/pull/1198,2019-04-25T17:12:11Z,2020-11-16T15:34:25Z
MDExOlB1bGxSZXF1ZXN0MjgzNTQxNTM0,https://github.com/cucumber/cucumber-js/pull/1205,2019-05-30T07:07:28Z,2019-10-06T14:01:05Z
MDExOlB1bGxSZXF1ZXN0MjkxMzczMDMz,https://github.com/cucumber/cucumber-js/pull/1211,2019-06-25T03:49:15Z,2019-06-28T04:44:06Z
MDExOlB1bGxSZXF1ZXN0Mjk0MjQzNDEw,https://github.com/cucumber/cucumber-js/pull/1213,2019-07-03T16:24:06Z,2019-08-24T22:50:48Z
MDExOlB1bGxSZXF1ZXN0Mjk0MzUzMzU5,https://github.com/cucumber/cucumber-js/pull/1214,2019-07-03T22:34:26Z,2019-07-04T03:49:02Z
MDExOlB1bGxSZXF1ZXN0Mjk1NjMyOTk3,https://github.com/cucumber/cucumber-js/pull/1216,2019-07-09T08:01:32Z,2021-02-16T11:27:49Z
MDExOlB1bGxSZXF1ZXN0MzA0OTc2Njkz,https://github.com/cucumber/cucumber-js/pull/1219,2019-08-07T04:41:37Z,2019-08-07T06:20:14Z
MDExOlB1bGxSZXF1ZXN0MzA4NjE5MzE1,https://github.com/cucumber/cucumber-js/pull/1223,2019-08-19T13:48:11Z,2019-08-24T16:13:45Z
MDExOlB1bGxSZXF1ZXN0MzA5OTE1MTk0,https://github.com/cucumber/cucumber-js/pull/1225,2019-08-22T11:30:40Z,2019-10-03T23:15:51Z
MDExOlB1bGxSZXF1ZXN0MzEwOTg1NDg5,https://github.com/cucumber/cucumber-js/pull/1227,2019-08-26T16:18:48Z,2020-07-07T04:05:51Z
MDExOlB1bGxSZXF1ZXN0MzExMTk4NDYw,https://github.com/cucumber/cucumber-js/pull/1228,2019-08-27T04:51:17Z,2019-08-27T07:05:04Z
MDExOlB1bGxSZXF1ZXN0MzExNjU3MTQ3,https://github.com/cucumber/cucumber-js/pull/1229,2019-08-28T03:49:29Z,2019-10-05T00:12:55Z
MDExOlB1bGxSZXF1ZXN0MzE5OTg4NTYw,https://github.com/cucumber/cucumber-js/pull/1234,2019-09-21T20:22:08Z,2019-10-05T00:10:05Z
MDExOlB1bGxSZXF1ZXN0MzI1NTI0MzE4,https://github.com/cucumber/cucumber-js/pull/1239,2019-10-07T22:39:13Z,2019-10-08T03:39:13Z
MDExOlB1bGxSZXF1ZXN0MzI1OTkwNTU0,https://github.com/cucumber/cucumber-js/pull/1240,2019-10-08T22:30:38Z,2019-12-15T04:31:39Z
MDExOlB1bGxSZXF1ZXN0MzM2MzQ4MDcz,https://github.com/cucumber/cucumber-js/pull/1251,2019-11-04T15:49:46Z,2019-11-04T16:25:08Z
MDExOlB1bGxSZXF1ZXN0MzM2MzQ5MTM5,https://github.com/cucumber/cucumber-js/pull/1252,2019-11-04T15:51:45Z,2019-11-05T03:36:30Z
MDExOlB1bGxSZXF1ZXN0MzM4Mjk5OTIz,https://github.com/cucumber/cucumber-js/pull/1253,2019-11-08T00:08:31Z,2019-11-11T04:58Z
MDExOlB1bGxSZXF1ZXN0MzQwMzk5Mzg0,https://github.com/cucumber/cucumber-js/pull/1257,2019-11-13T11:35:36Z,2019-11-13T17:06:19Z
MDExOlB1bGxSZXF1ZXN0MzQyNDY3MzUw,https://github.com/cucumber/cucumber-js/pull/1260,2019-11-19T03:24:19Z,2019-12-10T04:58:22Z
MDExOlB1bGxSZXF1ZXN0MzUzMTUxNzQw,https://github.com/cucumber/cucumber-js/pull/1265,2019-12-14T07:36:43Z,2019-12-19T14:30:07Z
MDExOlB1bGxSZXF1ZXN0MzU0NDM2NzE1,https://github.com/cucumber/cucumber-js/pull/1266,2019-12-18T05:47:51Z,2019-12-22T14:44:28Z
MDExOlB1bGxSZXF1ZXN0MzU1MjM1NDkx,https://github.com/cucumber/cucumber-js/pull/1267,2019-12-19T16:34Z,2019-12-28T17:12:52Z
MDExOlB1bGxSZXF1ZXN0MzU1Nzk2NTUx,https://github.com/cucumber/cucumber-js/pull/1268,2019-12-20T16:17:28Z,2019-12-20T17:38:42Z
MDExOlB1bGxSZXF1ZXN0MzU3NTYwNTcy,https://github.com/cucumber/cucumber-js/pull/1270,2019-12-28T17:25:05Z,2019-12-28T18:21:54Z
MDExOlB1bGxSZXF1ZXN0MzU3ODg5MDA1,https://github.com/cucumber/cucumber-js/pull/1271,2019-12-29T23:41:46Z,2019-12-30T00:01:09Z
MDExOlB1bGxSZXF1ZXN0MzU4MjE3Nzkw,https://github.com/cucumber/cucumber-js/pull/1272,2019-12-30T21:14:34Z,2019-12-31T04:30:46Z
MDExOlB1bGxSZXF1ZXN0MzU4MjM5OTc3,https://github.com/cucumber/cucumber-js/pull/1273,2019-12-30T23:23:45Z,2020-03-18T23:46:05Z
MDExOlB1bGxSZXF1ZXN0MzYzMjU2MDI4,https://github.com/cucumber/cucumber-js/pull/1276,2020-01-15T17:34:15Z,2020-01-25T08:15:26Z
MDExOlB1bGxSZXF1ZXN0MzY3OTA1OTQ3,https://github.com/cucumber/cucumber-js/pull/1279,2020-01-28T09:23:56Z,2020-01-29T15:45:47Z
MDExOlB1bGxSZXF1ZXN0MzY3OTIyOTQw,https://github.com/cucumber/cucumber-js/pull/1280,2020-01-28T10:03:06Z,2020-02-04T10:43:08Z
MDExOlB1bGxSZXF1ZXN0MzY4MzQwNjM2,https://github.com/cucumber/cucumber-js/pull/1281,2020-01-29T02:26:37Z,2020-01-31T08:35:41Z
MDExOlB1bGxSZXF1ZXN0MzY5NDA3NTUw,https://github.com/cucumber/cucumber-js/pull/1282,2020-01-31T04:44:26Z,2020-01-31T13:11:07Z
MDExOlB1bGxSZXF1ZXN0MzcwMDY1MTg2,https://github.com/cucumber/cucumber-js/pull/1283,2020-02-02T22:42:24Z,2020-03-07T18:36:29Z
MDExOlB1bGxSZXF1ZXN0MzcwNDM5NzY5,https://github.com/cucumber/cucumber-js/pull/1285,2020-02-03T17:41:25Z,2020-03-15T16:00:39Z
MDExOlB1bGxSZXF1ZXN0MzcwNTQ2Njgy,https://github.com/cucumber/cucumber-js/pull/1286,2020-02-03T22:09:11Z,2020-03-07T21:50:18Z
MDExOlB1bGxSZXF1ZXN0Mzc0ODQ0ODEw,https://github.com/cucumber/cucumber-js/pull/1289,2020-02-13T12:37:18Z,2020-02-14T00:17:12Z
MDExOlB1bGxSZXF1ZXN0Mzc4NjIyMjQ1,https://github.com/cucumber/cucumber-js/pull/1293,2020-02-22T19:16:30Z,2020-03-17T08:24:34Z
MDExOlB1bGxSZXF1ZXN0MzgzNDA1Njc5,https://github.com/cucumber/cucumber-js/pull/1295,2020-03-04T08:26:13Z,2020-03-15T15:10:27Z
MDExOlB1bGxSZXF1ZXN0Mzg3MDA1NDc0,https://github.com/cucumber/cucumber-js/pull/1297,2020-03-12T02:22:19Z,2020-03-16T04:30:45Z
MDExOlB1bGxSZXF1ZXN0Mzg3MDk0Njk5,https://github.com/cucumber/cucumber-js/pull/1298,2020-03-12T07:59:37Z,2020-03-13T04:55:36Z
MDExOlB1bGxSZXF1ZXN0Mzg4NjI1NjAz,https://github.com/cucumber/cucumber-js/pull/1299,2020-03-15T08:21:17Z,2020-03-19T17:26:57Z
MDExOlB1bGxSZXF1ZXN0Mzg5MDAyMTYx,https://github.com/cucumber/cucumber-js/pull/1300,2020-03-16T05:45:19Z,2020-03-16T16:02:57Z
MDExOlB1bGxSZXF1ZXN0Mzg5MzQ0Nzc5,https://github.com/cucumber/cucumber-js/pull/1301,2020-03-16T16:13Z,2020-03-17T07:02:04Z
MDExOlB1bGxSZXF1ZXN0NDAwMzc1ODk3,https://github.com/cucumber/cucumber-js/pull/1305,2020-04-07T16:29:45Z,2020-04-08T20:51Z
MDExOlB1bGxSZXF1ZXN0NDA2OTEwNDIy,https://github.com/cucumber/cucumber-js/pull/1311,2020-04-21T21:10:06Z,2020-04-26T22:15:45Z
MDExOlB1bGxSZXF1ZXN0NDExODczOTQ5,https://github.com/cucumber/cucumber-js/pull/1313,2020-04-30T22:34:43Z,2020-05-02T21:47:10Z
MDExOlB1bGxSZXF1ZXN0NDEyNTA3ODI3,https://github.com/cucumber/cucumber-js/pull/1315,2020-05-02T21:01:20Z,2020-05-02T21:45:47Z
MDExOlB1bGxSZXF1ZXN0NDEyNjYzNTU1,https://github.com/cucumber/cucumber-js/pull/1316,2020-05-03T20:41:51Z,2020-05-03T21:39Z
MDExOlB1bGxSZXF1ZXN0NDE0OTE0NDAy,https://github.com/cucumber/cucumber-js/pull/1317,2020-05-07T20:54:19Z,2020-05-08T02:19:33Z
MDExOlB1bGxSZXF1ZXN0NDE1NjMwOTEz,https://github.com/cucumber/cucumber-js/pull/1318,2020-05-09T21:10Z,2020-08-24T06:38:56Z
MDExOlB1bGxSZXF1ZXN0NDE1NjM0OTM1,https://github.com/cucumber/cucumber-js/pull/1319,2020-05-09T21:48:27Z,2020-05-09T23:39:39Z
MDExOlB1bGxSZXF1ZXN0NDI2ODc4NTg3,https://github.com/cucumber/cucumber-js/pull/1323,2020-06-02T23:24:01Z,2020-06-04T08:58:58Z
MDExOlB1bGxSZXF1ZXN0NDMxMjc2NjU5,https://github.com/cucumber/cucumber-js/pull/1325,2020-06-08T17:02:07Z,2020-06-13T03:47:12Z
MDExOlB1bGxSZXF1ZXN0NDMzOTUzNTcy,https://github.com/cucumber/cucumber-js/pull/1327,2020-06-13T03:48Z,2020-06-13T20:18:21Z
MDExOlB1bGxSZXF1ZXN0NDMzOTUzNTgx,https://github.com/cucumber/cucumber-js/pull/1328,2020-06-13T03:48:08Z,2020-06-13T22:27:21Z
MDExOlB1bGxSZXF1ZXN0NDMzOTU4NTg0,https://github.com/cucumber/cucumber-js/pull/1329,2020-06-13T04:48:32Z,2020-06-13T20:18:52Z
MDExOlB1bGxSZXF1ZXN0NDMzOTU4NjA5,https://github.com/cucumber/cucumber-js/pull/1330,2020-06-13T04:48:47Z,2020-06-18T04:12:41Z
MDExOlB1bGxSZXF1ZXN0NDM0MDUyNDc2,https://github.com/cucumber/cucumber-js/pull/1331,2020-06-13T20:19:06Z,2020-06-13T21:00:55Z
MDExOlB1bGxSZXF1ZXN0NDM0MDUyNTEw,https://github.com/cucumber/cucumber-js/pull/1332,2020-06-13T20:19:21Z,2020-06-13T22:27:49Z
MDExOlB1bGxSZXF1ZXN0NDM0MDU2NjI1,https://github.com/cucumber/cucumber-js/pull/1333,2020-06-13T21:01:40Z,2020-06-14T02:49:25Z
MDExOlB1bGxSZXF1ZXN0NDM0MDU2NjQ2,https://github.com/cucumber/cucumber-js/pull/1334,2020-06-13T21:01:55Z,2020-06-13T22:28:18Z
MDExOlB1bGxSZXF1ZXN0NDM0MDY1NTE3,https://github.com/cucumber/cucumber-js/pull/1335,2020-06-13T22:28:31Z,2020-06-14T02:49:42Z
MDExOlB1bGxSZXF1ZXN0NDM0MDY1NTMz,https://github.com/cucumber/cucumber-js/pull/1336,2020-06-13T22:28:45Z,2020-06-14T02:50:02Z
MDExOlB1bGxSZXF1ZXN0NDM0MDczNDMw,https://github.com/cucumber/cucumber-js/pull/1337,2020-06-13T23:49:32Z,2020-06-14T05:19:16Z
MDExOlB1bGxSZXF1ZXN0NDM0MDczNDQ5,https://github.com/cucumber/cucumber-js/pull/1338,2020-06-13T23:49:47Z,2020-06-14T05:19:33Z
MDExOlB1bGxSZXF1ZXN0NDM0MDc4NDI2,https://github.com/cucumber/cucumber-js/pull/1339,2020-06-14T00:54:37Z,2020-06-14T02:50:34Z
MDExOlB1bGxSZXF1ZXN0NDM0MDc4NDQ3,https://github.com/cucumber/cucumber-js/pull/1340,2020-06-14T00:54:53Z,2020-06-14T05:19:59Z
MDExOlB1bGxSZXF1ZXN0NDM0MDgxNTkw,https://github.com/cucumber/cucumber-js/pull/1341,2020-06-14T01:38:19Z,2020-06-14T02:51:24Z
MDExOlB1bGxSZXF1ZXN0NDM0MDgxNjA1,https://github.com/cucumber/cucumber-js/pull/1342,2020-06-14T01:38:34Z,2020-06-14T02:51:37Z
MDExOlB1bGxSZXF1ZXN0NDM0MDg2MjMw,https://github.com/cucumber/cucumber-js/pull/1343,2020-06-14T02:50:13Z,2020-06-16T04:54:09Z
MDExOlB1bGxSZXF1ZXN0NDM0MDg2MjQz,https://github.com/cucumber/cucumber-js/pull/1344,2020-06-14T02:50:27Z,2020-06-18T04:01:08Z
MDExOlB1bGxSZXF1ZXN0NDM0MDkzNzIz,https://github.com/cucumber/cucumber-js/pull/1345,2020-06-14T04:39:16Z,2020-06-16T04:54:46Z
MDExOlB1bGxSZXF1ZXN0NDM0MDkzNzMw,https://github.com/cucumber/cucumber-js/pull/1346,2020-06-14T04:39:32Z,2020-06-16T04:57:22Z
MDExOlB1bGxSZXF1ZXN0NDM0MDk2NzIw,https://github.com/cucumber/cucumber-js/pull/1347,2020-06-14T05:20:37Z,2020-06-17T15:05:31Z
MDExOlB1bGxSZXF1ZXN0NDM0MDk2NzM5,https://github.com/cucumber/cucumber-js/pull/1348,2020-06-14T05:20:52Z,2020-06-18T03:55:15Z
MDExOlB1bGxSZXF1ZXN0NDM0MTA2NTA1,https://github.com/cucumber/cucumber-js/pull/1349,2020-06-14T07:20:27Z,2020-06-16T04:53:36Z
MDExOlB1bGxSZXF1ZXN0NDM0MTA2NTMz,https://github.com/cucumber/cucumber-js/pull/1350,2020-06-14T07:20:44Z,2020-06-18T05:52:05Z
MDExOlB1bGxSZXF1ZXN0NDM0MTE1MDQ3,https://github.com/cucumber/cucumber-js/pull/1351,2020-06-14T08:53:35Z,2020-06-18T03:56:43Z
MDExOlB1bGxSZXF1ZXN0NDM0MTE1MDc3,https://github.com/cucumber/cucumber-js/pull/1352,2020-06-14T08:53:50Z,2020-06-18T03:59:05Z
MDExOlB1bGxSZXF1ZXN0NDM0MTE3Njc0,https://github.com/cucumber/cucumber-js/pull/1353,2020-06-14T09:19:49Z,2020-06-18T08:58:08Z
MDExOlB1bGxSZXF1ZXN0NDM0MTE3NzA0,https://github.com/cucumber/cucumber-js/pull/1354,2020-06-14T09:20:06Z,2020-06-18T04:00:53Z
MDExOlB1bGxSZXF1ZXN0NDM0MTI3Mzgy,https://github.com/cucumber/cucumber-js/pull/1355,2020-06-14T10:55:45Z,2020-06-16T04:54:30Z
MDExOlB1bGxSZXF1ZXN0NDM0MTI3NDIz,https://github.com/cucumber/cucumber-js/pull/1356,2020-06-14T10:56:02Z,2020-06-16T04:53:03Z
MDExOlB1bGxSZXF1ZXN0NDM0MTM0NDI2,https://github.com/cucumber/cucumber-js/pull/1357,2020-06-14T11:59:36Z,2020-06-17T15:04:54Z
MDExOlB1bGxSZXF1ZXN0NDM0MTM0NDYx,https://github.com/cucumber/cucumber-js/pull/1358,2020-06-14T11:59:53Z,2020-06-18T03:55:10Z
MDExOlB1bGxSZXF1ZXN0NDM0MTM5NTMx,https://github.com/cucumber/cucumber-js/pull/1359,2020-06-14T12:43:34Z,2020-06-18T04:00:38Z
MDExOlB1bGxSZXF1ZXN0NDM0MTM5NTYx,https://github.com/cucumber/cucumber-js/pull/1360,2020-06-14T12:43:51Z,2020-06-18T03:56:38Z
MDExOlB1bGxSZXF1ZXN0NDM0MTUzNDIx,https://github.com/cucumber/cucumber-js/pull/1361,2020-06-14T14:34:07Z,2020-06-18T03:55:24Z
MDExOlB1bGxSZXF1ZXN0NDM0OTcyNjYy,https://github.com/cucumber/cucumber-js/pull/1362,2020-06-16T04:54:04Z,2020-06-18T03:55:20Z
MDExOlB1bGxSZXF1ZXN0NDM2MjExODgw,https://github.com/cucumber/cucumber-js/pull/1363,2020-06-18T03:56:08Z,2020-06-18T06:53:29Z
MDExOlB1bGxSZXF1ZXN0NDM2MjExOTY1,https://github.com/cucumber/cucumber-js/pull/1364,2020-06-18T03:56:32Z,2020-06-19T02:17:48Z
MDExOlB1bGxSZXF1ZXN0NDM2ODUxMTAz,https://github.com/cucumber/cucumber-js/pull/1365,2020-06-19T02:22:33Z,2020-06-21T18:25:20Z
MDExOlB1bGxSZXF1ZXN0NDM3MjAzNjk3,https://github.com/cucumber/cucumber-js/pull/1366,2020-06-19T16:47:02Z,2020-06-19T18:04:50Z
MDExOlB1bGxSZXF1ZXN0NDM3NTgyMjIz,https://github.com/cucumber/cucumber-js/pull/1367,2020-06-21T18:26:26Z,2020-06-21T19:55:06Z
MDExOlB1bGxSZXF1ZXN0NDM3NzU0ODA3,https://github.com/cucumber/cucumber-js/pull/1368,2020-06-22T07:55:08Z,2020-06-22T10:22:22Z
MDExOlB1bGxSZXF1ZXN0NDM4MDgwMDI2,https://github.com/cucumber/cucumber-js/pull/1370,2020-06-22T17:23:28Z,2020-06-22T19:48:40Z
MDExOlB1bGxSZXF1ZXN0NDM4Mjg3NTE5,https://github.com/cucumber/cucumber-js/pull/1371,2020-06-23T03:10:59Z,2020-06-23T05:18:38Z
MDExOlB1bGxSZXF1ZXN0NDM5MTk0ODcw,https://github.com/cucumber/cucumber-js/pull/1372,2020-06-24T13:06:31Z,2020-06-24T14:52:27Z
MDExOlB1bGxSZXF1ZXN0NDM5NDI0Njk2,https://github.com/cucumber/cucumber-js/pull/1374,2020-06-24T19:32:31Z,2020-06-24T21:52:39Z
MDExOlB1bGxSZXF1ZXN0NDM5NTQ4NjU4,https://github.com/cucumber/cucumber-js/pull/1375,2020-06-24T22:19:09Z,2020-06-24T23:05:14Z
MDExOlB1bGxSZXF1ZXN0NDM5NjU2MTk1,https://github.com/cucumber/cucumber-js/pull/1376,2020-06-25T04:39:04Z,2020-07-01T04:17:28Z
MDExOlB1bGxSZXF1ZXN0NDQwODcwNDMy,https://github.com/cucumber/cucumber-js/pull/1377,2020-06-27T06:38:20Z,2020-06-27T07:32:05Z
MDExOlB1bGxSZXF1ZXN0NDQxNjMzOTM2,https://github.com/cucumber/cucumber-js/pull/1379,2020-06-29T20:32:57Z,2020-06-29T21:52:39Z
MDExOlB1bGxSZXF1ZXN0NDQyODQ5ODEz,https://github.com/cucumber/cucumber-js/pull/1380,2020-07-01T17:50:06Z,2020-07-01T18:38:14Z
MDExOlB1bGxSZXF1ZXN0NDQ0MTgyMzc1,https://github.com/cucumber/cucumber-js/pull/1381,2020-07-03T20:16:27Z,2020-07-03T21:36:31Z
MDExOlB1bGxSZXF1ZXN0NDQ0NDQ5Mzc4,https://github.com/cucumber/cucumber-js/pull/1382,2020-07-05T19:21:54Z,
MDExOlB1bGxSZXF1ZXN0NDQ0OTA2Mzcw,https://github.com/cucumber/cucumber-js/pull/1383,2020-07-06T17:19:32Z,2020-07-06T18:43:09Z
MDExOlB1bGxSZXF1ZXN0NDQ0OTc4Mjc3,https://github.com/cucumber/cucumber-js/pull/1384,2020-07-06T20:11:03Z,2020-07-06T20:55Z
MDExOlB1bGxSZXF1ZXN0NDQ0OTk2Nzc3,https://github.com/cucumber/cucumber-js/pull/1385,2020-07-06T20:54:55Z,2020-07-06T21:33:27Z
MDExOlB1bGxSZXF1ZXN0NDQ1MDU4MzA5,https://github.com/cucumber/cucumber-js/pull/1386,2020-07-06T23:52:50Z,2020-07-07T00:54:26Z
MDExOlB1bGxSZXF1ZXN0NDQ3MTI3MTUz,https://github.com/cucumber/cucumber-js/pull/1389,2020-07-09T22:35:06Z,2020-07-10T15:10:16Z
MDExOlB1bGxSZXF1ZXN0NDQ3NDQ0NzMw,https://github.com/cucumber/cucumber-js/pull/1390,2020-07-10T13:35:43Z,2020-07-10T14:57:25Z
MDExOlB1bGxSZXF1ZXN0NDUxMTk5NDEw,https://github.com/cucumber/cucumber-js/pull/1391,2020-07-17T15:22:27Z,2020-07-19T17:53:41Z
MDExOlB1bGxSZXF1ZXN0NDUxNTkwMjA3,https://github.com/cucumber/cucumber-js/pull/1392,2020-07-18T00:50:13Z,2020-08-14T09:12:56Z
MDExOlB1bGxSZXF1ZXN0NDYwNjc5NzYy,https://github.com/cucumber/cucumber-js/pull/1397,2020-08-01T01:32:53Z,2020-08-01T02:47:37Z
MDExOlB1bGxSZXF1ZXN0NDYwNjc5OTEw,https://github.com/cucumber/cucumber-js/pull/1398,2020-08-01T01:33:08Z,2020-08-01T03:46:42Z
MDExOlB1bGxSZXF1ZXN0NDYwNzE5MjI2,https://github.com/cucumber/cucumber-js/pull/1399,2020-08-01T02:48:18Z,2020-08-01T04:21:33Z
MDExOlB1bGxSZXF1ZXN0NDYwNzE5MzM2,https://github.com/cucumber/cucumber-js/pull/1400,2020-08-01T02:48:33Z,2020-08-01T05:46:47Z
MDExOlB1bGxSZXF1ZXN0NDYxODYzNzc2,https://github.com/cucumber/cucumber-js/pull/1401,2020-08-02T21:36:22Z,2020-08-05T03:51:35Z
MDExOlB1bGxSZXF1ZXN0NDYyOTc1ODQx,https://github.com/cucumber/cucumber-js/pull/1403,2020-08-04T19:55Z,2020-08-05T05:49:03Z
MDExOlB1bGxSZXF1ZXN0NDY4NTA1OTkx,https://github.com/cucumber/cucumber-js/pull/1407,2020-08-16T22:35:24Z,2020-08-16T23:12:19Z
MDExOlB1bGxSZXF1ZXN0NDcyMTUyNTY1,https://github.com/cucumber/cucumber-js/pull/1410,2020-08-23T17:19:43Z,2020-08-23T17:47:27Z
MDExOlB1bGxSZXF1ZXN0NDcyNTI4Njk5,https://github.com/cucumber/cucumber-js/pull/1411,2020-08-24T13:38:45Z,2020-09-05T04:24:54Z
MDExOlB1bGxSZXF1ZXN0NDczNzI1MDkz,https://github.com/cucumber/cucumber-js/pull/1413,2020-08-26T08:00:21Z,2020-11-26T15:35:36Z
MDExOlB1bGxSZXF1ZXN0NDc1Mjg3MDc0,https://github.com/cucumber/cucumber-js/pull/1414,2020-08-28T09:13:53Z,2020-09-06T07:31:08Z
MDExOlB1bGxSZXF1ZXN0NDc2MjY3NDc4,https://github.com/cucumber/cucumber-js/pull/1415,2020-08-31T12:30:39Z,2020-09-13T21:04:07Z
MDExOlB1bGxSZXF1ZXN0NDc2Njc0NDcy,https://github.com/cucumber/cucumber-js/pull/1416,2020-08-31T23:46:03Z,2020-11-16T05:45:28Z
MDExOlB1bGxSZXF1ZXN0NDc2NzA4OTcy,https://github.com/cucumber/cucumber-js/pull/1417,2020-09-01T00:07:27Z,2020-09-01T01:49:02Z
MDExOlB1bGxSZXF1ZXN0NDc2NzA5MjI5,https://github.com/cucumber/cucumber-js/pull/1418,2020-09-01T00:07:43Z,2020-09-01T02:29:38Z
MDExOlB1bGxSZXF1ZXN0NDc2NzU0NjAz,https://github.com/cucumber/cucumber-js/pull/1419,2020-09-01T01:49:49Z,2020-09-01T03:09:57Z
MDExOlB1bGxSZXF1ZXN0NDc2NzU0Njg4,https://github.com/cucumber/cucumber-js/pull/1420,2020-09-01T01:50:06Z,2020-09-01T04:28:14Z
MDExOlB1bGxSZXF1ZXN0NDc2NzY2MTQw,https://github.com/cucumber/cucumber-js/pull/1421,2020-09-01T02:30:25Z,2020-09-04T16:19:07Z
MDExOlB1bGxSZXF1ZXN0NDc2NzY2MjMx,https://github.com/cucumber/cucumber-js/pull/1422,2020-09-01T02:30:44Z,2020-09-01T05:16:15Z
MDExOlB1bGxSZXF1ZXN0NDc3MDExNDMw,https://github.com/cucumber/cucumber-js/pull/1424,2020-09-01T11:22:35Z,2020-09-10T15:00:29Z
MDExOlB1bGxSZXF1ZXN0NDc5NDc5NjMy,https://github.com/cucumber/cucumber-js/pull/1426,2020-09-04T09:04:59Z,2020-09-04T09:48:49Z
MDExOlB1bGxSZXF1ZXN0NDgxNjkwMzA0,https://github.com/cucumber/cucumber-js/pull/1427,2020-09-07T23:58:02Z,2020-09-10T03:55:26Z
MDExOlB1bGxSZXF1ZXN0NDgyNjgwMzg5,https://github.com/cucumber/cucumber-js/pull/1430,2020-09-09T09:01:56Z,2020-09-10T10:27:21Z
MDExOlB1bGxSZXF1ZXN0NDgyOTUxNDUx,https://github.com/cucumber/cucumber-js/pull/1431,2020-09-09T16:01:34Z,2020-09-11T08:45:05Z
MDExOlB1bGxSZXF1ZXN0NDg0OTc5OTYy,https://github.com/cucumber/cucumber-js/pull/1432,2020-09-11T11:44:57Z,2020-10-02T08:17:05Z
MDExOlB1bGxSZXF1ZXN0NDg2MjM4MjA5,https://github.com/cucumber/cucumber-js/pull/1434,2020-09-13T20:49:34Z,
MDExOlB1bGxSZXF1ZXN0NDg2MjM4NjMy,https://github.com/cucumber/cucumber-js/pull/1435,2020-09-13T20:53:07Z,2020-09-28T01:13:31Z
MDExOlB1bGxSZXF1ZXN0NDg2MjM4NjU3,https://github.com/cucumber/cucumber-js/pull/1436,2020-09-13T20:53:23Z,2020-09-13T20:56:02Z
MDExOlB1bGxSZXF1ZXN0NDg4MjI0OTk0,https://github.com/cucumber/cucumber-js/pull/1442,2020-09-16T20:22:53Z,2020-09-30T22:46:38Z
MDExOlB1bGxSZXF1ZXN0NDkwNjg2NzA2,https://github.com/cucumber/cucumber-js/pull/1445,2020-09-22T04:41:01Z,2020-10-08T17:54:21Z
MDExOlB1bGxSZXF1ZXN0NDkyMzc4NjA1,https://github.com/cucumber/cucumber-js/pull/1446,2020-09-24T11:28:35Z,2020-10-30T05:19:45Z
MDExOlB1bGxSZXF1ZXN0NDk1ODg0ODY1,https://github.com/cucumber/cucumber-js/pull/1449,2020-10-01T01:12:01Z,2020-10-01T02:24:44Z
MDExOlB1bGxSZXF1ZXN0NDk1ODg0OTMx,https://github.com/cucumber/cucumber-js/pull/1450,2020-10-01T01:12:17Z,2020-10-01T03:36:01Z
MDExOlB1bGxSZXF1ZXN0NDk1OTA0NjUz,https://github.com/cucumber/cucumber-js/pull/1451,2020-10-01T02:25:25Z,2020-10-02T04:50:44Z
MDExOlB1bGxSZXF1ZXN0NDk1OTA0NzIx,https://github.com/cucumber/cucumber-js/pull/1452,2020-10-01T02:25:42Z,2020-10-01T04:42:14Z
MDExOlB1bGxSZXF1ZXN0NTAzNTAxNzk4,https://github.com/cucumber/cucumber-js/pull/1455,2020-10-14T16:38:44Z,2020-10-21T06:20:28Z
MDExOlB1bGxSZXF1ZXN0NTA3MjYxMDU5,https://github.com/cucumber/cucumber-js/pull/1456,2020-10-21T05:31:06Z,2020-10-21T05:55:13Z
MDExOlB1bGxSZXF1ZXN0NTEzNTE5NzM0,https://github.com/cucumber/cucumber-js/pull/1462,2020-11-01T00:46:06Z,2020-11-01T23:41:41Z
MDExOlB1bGxSZXF1ZXN0NTEzNTE5NzY1,https://github.com/cucumber/cucumber-js/pull/1463,2020-11-01T00:46:22Z,2020-11-01T01:46:51Z
MDExOlB1bGxSZXF1ZXN0NTEzNTI1NDY0,https://github.com/cucumber/cucumber-js/pull/1464,2020-11-01T01:47:31Z,2020-11-01T02:38:55Z
MDExOlB1bGxSZXF1ZXN0NTEzNTI1NDgx,https://github.com/cucumber/cucumber-js/pull/1465,2020-11-01T01:47:47Z,2020-11-01T19:31:13Z
MDExOlB1bGxSZXF1ZXN0NTEzNTMwMDI1,https://github.com/cucumber/cucumber-js/pull/1466,2020-11-01T02:39:37Z,2020-11-01T21:55:58Z
MDExOlB1bGxSZXF1ZXN0NTEzNTMwMDQz,https://github.com/cucumber/cucumber-js/pull/1467,2020-11-01T02:39:53Z,2020-11-01T04:14:25Z
MDExOlB1bGxSZXF1ZXN0NTEzNjcyMDIz,https://github.com/cucumber/cucumber-js/pull/1468,2020-11-01T18:42:43Z,2020-11-01T19:43:58Z
MDExOlB1bGxSZXF1ZXN0NTEzNjcyMDY3,https://github.com/cucumber/cucumber-js/pull/1469,2020-11-01T18:43:01Z,2020-11-01T20:20:33Z
MDExOlB1bGxSZXF1ZXN0NTEzNjc4ODkz,https://github.com/cucumber/cucumber-js/pull/1470,2020-11-01T19:31:59Z,2020-12-09T17:07:36Z
MDExOlB1bGxSZXF1ZXN0NTEzNjc4OTMw,https://github.com/cucumber/cucumber-js/pull/1471,2020-11-01T19:32:16Z,2020-12-07T09:29:31Z
MDExOlB1bGxSZXF1ZXN0NTEzNjg1OTA3,https://github.com/cucumber/cucumber-js/pull/1472,2020-11-01T20:21:12Z,2020-12-01T13:20:47Z
MDExOlB1bGxSZXF1ZXN0NTI4OTg3MDU1,https://github.com/cucumber/cucumber-js/pull/1476,2020-11-28T17:48:48Z,2020-12-01T07:34:13Z
MDExOlB1bGxSZXF1ZXN0NTI4OTk2MTQ4,https://github.com/cucumber/cucumber-js/pull/1477,2020-11-28T19:06:40Z,2020-12-07T09:30:25Z
MDExOlB1bGxSZXF1ZXN0NTI5MDAyOTAz,https://github.com/cucumber/cucumber-js/pull/1478,2020-11-28T20:06:42Z,2020-12-01T07:33:23Z
MDExOlB1bGxSZXF1ZXN0NTI5ODg1NTA4,https://github.com/cucumber/cucumber-js/pull/1479,2020-12-01T00:10:38Z,2020-12-09T17:06:56Z
MDExOlB1bGxSZXF1ZXN0NTI5ODg1NTk2,https://github.com/cucumber/cucumber-js/pull/1480,2020-12-01T00:10:55Z,2020-12-09T17:05:48Z
MDExOlB1bGxSZXF1ZXN0NTI5OTIzNTkw,https://github.com/cucumber/cucumber-js/pull/1481,2020-12-01T02:10:51Z,2020-12-09T18:33:18Z
MDExOlB1bGxSZXF1ZXN0NTI5OTIzNjk0,https://github.com/cucumber/cucumber-js/pull/1482,2020-12-01T02:11:12Z,2020-12-01T07:14:44Z
MDExOlB1bGxSZXF1ZXN0NTI5OTYzMzIw,https://github.com/cucumber/cucumber-js/pull/1483,2020-12-01T04:17:58Z,2020-12-06T02:53:44Z
MDExOlB1bGxSZXF1ZXN0NTI5OTYzNDA2,https://github.com/cucumber/cucumber-js/pull/1484,2020-12-01T04:18:15Z,2020-12-18T19:06:48Z
MDExOlB1bGxSZXF1ZXN0NTMwMDAxNDA5,https://github.com/cucumber/cucumber-js/pull/1485,2020-12-01T05:45:51Z,2020-12-07T09:58:14Z
MDExOlB1bGxSZXF1ZXN0NTMwMDAxNTc3,https://github.com/cucumber/cucumber-js/pull/1486,2020-12-01T05:46:09Z,2020-12-01T11:51:46Z
MDExOlB1bGxSZXF1ZXN0NTMwNTI1NTk4,https://github.com/cucumber/cucumber-js/pull/1488,2020-12-01T19:33:48Z,2020-12-02T07:06:39Z
MDExOlB1bGxSZXF1ZXN0NTMyNzE4NDMy,https://github.com/cucumber/cucumber-js/pull/1490,2020-12-04T18:47:44Z,2020-12-04T20:49:11Z
MDExOlB1bGxSZXF1ZXN0NTMyODczNDY1,https://github.com/cucumber/cucumber-js/pull/1505,2020-12-05T01:50:57Z,2020-12-05T01:52:24Z
MDExOlB1bGxSZXF1ZXN0NTMyODczNjY0,https://github.com/cucumber/cucumber-js/pull/1506,2020-12-05T01:52:33Z,2020-12-09T20:08:07Z
MDExOlB1bGxSZXF1ZXN0NTM1MzI2OTkw,https://github.com/cucumber/cucumber-js/pull/1508,2020-12-09T17:05:09Z,2020-12-17T15:33:25Z
MDExOlB1bGxSZXF1ZXN0NTM2MjU1MzAy,https://github.com/cucumber/cucumber-js/pull/1509,2020-12-10T21:03:37Z,2020-12-12T23:04:21Z
MDExOlB1bGxSZXF1ZXN0NTM3NTE0NzQ5,https://github.com/cucumber/cucumber-js/pull/1510,2020-12-11T23:02:16Z,2020-12-18T19:06:27Z
MDExOlB1bGxSZXF1ZXN0NTQwMTY5NjI5,https://github.com/cucumber/cucumber-js/pull/1512,2020-12-15T11:11:31Z,2020-12-15T11:21:55Z
MDExOlB1bGxSZXF1ZXN0NTQyOTU4NDky,https://github.com/cucumber/cucumber-js/pull/1514,2020-12-19T18:00:05Z,2021-02-02T07:18:17Z
MDExOlB1bGxSZXF1ZXN0NTQzNTY2MjY5,https://github.com/cucumber/cucumber-js/pull/1515,2020-12-21T16:00:20Z,2020-12-21T16:37:36Z
MDExOlB1bGxSZXF1ZXN0NTQ1ODA4MDM1,https://github.com/cucumber/cucumber-js/pull/1518,2020-12-27T13:30:03Z,2021-01-03T22:34:50Z
MDExOlB1bGxSZXF1ZXN0NTQ3NTI3NTc3,https://github.com/cucumber/cucumber-js/pull/1522,2021-01-01T00:08:41Z,2021-01-01T01:37:47Z
MDExOlB1bGxSZXF1ZXN0NTQ3NTI3NjA1,https://github.com/cucumber/cucumber-js/pull/1523,2021-01-01T00:08:56Z,2021-01-01T08:54:09Z
MDExOlB1bGxSZXF1ZXN0NTQ3NTM3MDc2,https://github.com/cucumber/cucumber-js/pull/1524,2021-01-01T01:38:29Z,2021-01-01T08:47Z
MDExOlB1bGxSZXF1ZXN0NTQ3NTM3MDk4,https://github.com/cucumber/cucumber-js/pull/1525,2021-01-01T01:38:46Z,2021-01-01T03:40:23Z
MDExOlB1bGxSZXF1ZXN0NTQ3NTM5MTk2,https://github.com/cucumber/cucumber-js/pull/1526,2021-01-01T02:06:31Z,2021-01-01T08:45:56Z
MDExOlB1bGxSZXF1ZXN0NTQ3NjYyNjg5,https://github.com/cucumber/cucumber-js/pull/1527,2021-01-01T18:45:46Z,2021-01-01T20:07:54Z
MDExOlB1bGxSZXF1ZXN0NTQ3NjYyNzI3,https://github.com/cucumber/cucumber-js/pull/1528,2021-01-01T18:46:03Z,2021-01-02T23:09:50Z
MDExOlB1bGxSZXF1ZXN0NTQ3Nzc1NTM2,https://github.com/cucumber/cucumber-js/pull/1531,2021-01-02T17:03:16Z,
MDExOlB1bGxSZXF1ZXN0NTQ3ODYxMzY3,https://github.com/cucumber/cucumber-js/pull/1533,2021-01-03T10:45:58Z,2021-01-03T21:57:11Z
MDExOlB1bGxSZXF1ZXN0NTU1ODgxNDEx,https://github.com/cucumber/cucumber-js/pull/1540,2021-01-15T18:43:03Z,2021-01-20T06:33:05Z
MDExOlB1bGxSZXF1ZXN0NTU2MDM2ODgw,https://github.com/cucumber/cucumber-js/pull/1541,2021-01-16T00:10:43Z,2021-01-21T15:49:40Z
MDExOlB1bGxSZXF1ZXN0NTU2MTYxMjc5,https://github.com/cucumber/cucumber-js/pull/1542,2021-01-16T11:33:01Z,2021-02-02T08:32:29Z
MDExOlB1bGxSZXF1ZXN0NTU2Mzc0NDk4,https://github.com/cucumber/cucumber-js/pull/1543,2021-01-17T16:31:14Z,2021-01-20T03:26:45Z
MDExOlB1bGxSZXF1ZXN0NTYwMzM5MTY5,https://github.com/cucumber/cucumber-js/pull/1549,2021-01-23T07:20:50Z,2021-01-25T09:45:17Z
MDExOlB1bGxSZXF1ZXN0NTYxMTM5NjU3,https://github.com/cucumber/cucumber-js/pull/1552,2021-01-25T14:59:25Z,2021-02-02T08:20:09Z
MDExOlB1bGxSZXF1ZXN0NTY0NzcxOTA4,https://github.com/cucumber/cucumber-js/pull/1554,2021-02-01T01:01:01Z,2021-02-01T05:03:26Z
MDExOlB1bGxSZXF1ZXN0NTY0NzcyMDE0,https://github.com/cucumber/cucumber-js/pull/1555,2021-02-01T01:01:24Z,2021-02-01T08:31:42Z
MDExOlB1bGxSZXF1ZXN0NTY0ODAwODcz,https://github.com/cucumber/cucumber-js/pull/1556,2021-02-01T02:51:13Z,2021-02-01T03:26:26Z
MDExOlB1bGxSZXF1ZXN0NTY0ODAwODgz,https://github.com/cucumber/cucumber-js/pull/1557,2021-02-01T02:51:15Z,2021-02-01T04:27:03Z
MDExOlB1bGxSZXF1ZXN0NTY0ODExNjQ5,https://github.com/cucumber/cucumber-js/pull/1558,2021-02-01T03:27:18Z,2021-02-01T06:53:44Z
MDExOlB1bGxSZXF1ZXN0NTY0ODExNjU2,https://github.com/cucumber/cucumber-js/pull/1559,2021-02-01T03:27:20Z,2021-02-01T07:13:31Z
MDExOlB1bGxSZXF1ZXN0NTY0ODMwMTA4,https://github.com/cucumber/cucumber-js/pull/1560,2021-02-01T04:27:58Z,2021-02-02T05:50:05Z
MDExOlB1bGxSZXF1ZXN0NTY0ODMwMTIx,https://github.com/cucumber/cucumber-js/pull/1561,2021-02-01T04:28:01Z,2021-02-01T06:55:30Z
MDExOlB1bGxSZXF1ZXN0NTY0ODQzNjY4,https://github.com/cucumber/cucumber-js/pull/1562,2021-02-01T05:03:57Z,2021-02-01T19:10:18Z
MDExOlB1bGxSZXF1ZXN0NTY0ODQzNzA2,https://github.com/cucumber/cucumber-js/pull/1563,2021-02-01T05:03:59Z,2021-02-02T06:04:16Z
MDExOlB1bGxSZXF1ZXN0NTY0OTEyMjg3,https://github.com/cucumber/cucumber-js/pull/1564,2021-02-01T06:54:39Z,2021-02-02T05:50:47Z
MDExOlB1bGxSZXF1ZXN0NTY0OTEyMzA2,https://github.com/cucumber/cucumber-js/pull/1565,2021-02-01T06:54:41Z,2021-02-01T21:40:15Z
MDExOlB1bGxSZXF1ZXN0NTY1NzI2MzE3,https://github.com/cucumber/cucumber-js/pull/1566,2021-02-02T07:15:48Z,
MDExOlB1bGxSZXF1ZXN0NTY4NjA1MTg0,https://github.com/cucumber/cucumber-js/pull/1567,2021-02-05T20:50:48Z,2021-03-11T09:42:50Z
MDExOlB1bGxSZXF1ZXN0NTY4ODg5NjUx,https://github.com/cucumber/cucumber-js/pull/1568,2021-02-07T02:59:39Z,
MDExOlB1bGxSZXF1ZXN0NTY5NjA3Njc5,https://github.com/cucumber/cucumber-js/pull/1570,2021-02-08T16:35:08Z,2021-02-16T01:05:47Z
MDExOlB1bGxSZXF1ZXN0NTcwMTQ0NjU2,https://github.com/cucumber/cucumber-js/pull/1572,2021-02-09T09:19:04Z,2021-02-09T18:16:23Z
MDExOlB1bGxSZXF1ZXN0NTcwNjgxMDM2,https://github.com/cucumber/cucumber-js/pull/1575,2021-02-09T23:12:26Z,
MDExOlB1bGxSZXF1ZXN0NTc3OTg5MjQ0,https://github.com/cucumber/cucumber-js/pull/1585,2021-02-22T22:34:47Z,2021-03-12T19:10:28Z
MDExOlB1bGxSZXF1ZXN0NTgwNDg5OTE3,https://github.com/cucumber/cucumber-js/pull/1587,2021-02-26T00:01:06Z,
MDExOlB1bGxSZXF1ZXN0NTgwNjUzMTU5,https://github.com/cucumber/cucumber-js/pull/1588,2021-02-26T07:08:57Z,
MDExOlB1bGxSZXF1ZXN0NTgwODIzMjA4,https://github.com/cucumber/cucumber-js/pull/1589,2021-02-26T12:16:26Z,
MDExOlB1bGxSZXF1ZXN0NTgxMjAzMDk4,https://github.com/cucumber/cucumber-js/pull/1591,2021-02-27T00:04:50Z,2021-02-27T09:16:27Z
MDExOlB1bGxSZXF1ZXN0NTgxNjQ2ODY2,https://github.com/cucumber/cucumber-js/pull/1592,2021-03-01T01:26:43Z,2021-03-01T05:20:38Z
MDExOlB1bGxSZXF1ZXN0NTgxNjQ2OTYx,https://github.com/cucumber/cucumber-js/pull/1593,2021-03-01T01:27:06Z,2021-03-01T03:12:42Z
MDExOlB1bGxSZXF1ZXN0NTgxNjc4NDcx,https://github.com/cucumber/cucumber-js/pull/1594,2021-03-01T03:13:47Z,2021-03-01T07:11:29Z
MDExOlB1bGxSZXF1ZXN0NTgxNjc4NTU4,https://github.com/cucumber/cucumber-js/pull/1595,2021-03-01T03:14:02Z,2021-03-01T07:26:25Z
MDExOlB1bGxSZXF1ZXN0NTgxNzI3NTQy,https://github.com/cucumber/cucumber-js/pull/1596,2021-03-01T05:23:45Z,2021-03-01T11:00:46Z
MDExOlB1bGxSZXF1ZXN0NTgxNzI3NzUz,https://github.com/cucumber/cucumber-js/pull/1597,2021-03-01T05:24:01Z,2021-03-01T10:14:25Z
MDExOlB1bGxSZXF1ZXN0NTgxNzk4MzIx,https://github.com/cucumber/cucumber-js/pull/1598,2021-03-01T07:13:01Z,2021-03-01T20:36:32Z
MDExOlB1bGxSZXF1ZXN0NTgxNzk4NDcx,https://github.com/cucumber/cucumber-js/pull/1599,2021-03-01T07:13:15Z,2021-03-01T22:54:17Z
MDExOlB1bGxSZXF1ZXN0NTgxOTI3MDAx,https://github.com/cucumber/cucumber-js/pull/1600,2021-03-01T10:14:11Z,2021-03-01T11:00:36Z
MDExOlB1bGxSZXF1ZXN0NTgxOTI4MTgx,https://github.com/cucumber/cucumber-js/pull/1601,2021-03-01T10:16Z,2021-03-03T19:38:59Z
MDExOlB1bGxSZXF1ZXN0NTgxOTYxMDYy,https://github.com/cucumber/cucumber-js/pull/1602,2021-03-01T11:01:42Z,2021-03-02T16:23:41Z
MDExOlB1bGxSZXF1ZXN0NTgyMjk5NjM5,https://github.com/cucumber/cucumber-js/pull/1603,2021-03-01T18:53:02Z,2021-03-01T19:05:25Z
MDExOlB1bGxSZXF1ZXN0NTgyNDk3NzA0,https://github.com/cucumber/cucumber-js/pull/1604,2021-03-01T22:54:04Z,2021-03-02T00:50:43Z
MDExOlB1bGxSZXF1ZXN0NTg1NDc1NzY4,https://github.com/cucumber/cucumber-js/pull/1607,2021-03-05T10:01:09Z,2021-03-07T18:58:44Z
MDExOlB1bGxSZXF1ZXN0NTg4MDYyODYy,https://github.com/cucumber/cucumber-js/pull/1608,2021-03-09T14:34:24Z,2021-03-19T08:32:32Z
MDExOlB1bGxSZXF1ZXN0NTkxOTQzNDQx,https://github.com/cucumber/cucumber-js/pull/1609,2021-03-12T20:42:33Z,2021-03-19T08:33:27Z
MDExOlB1bGxSZXF1ZXN0NTkzMDg3NDky,https://github.com/cucumber/cucumber-js/pull/1611,2021-03-15T13:45:24Z,2021-03-15T14:32:47Z
MDExOlB1bGxSZXF1ZXN0NTkzNzEyODE4,https://github.com/cucumber/cucumber-js/pull/1612,2021-03-16T09:10:42Z,2021-03-16T09:14:21Z
MDExOlB1bGxSZXF1ZXN0NTkzNzE0OTY3,https://github.com/cucumber/cucumber-js/pull/1613,2021-03-16T09:14:01Z,2021-03-16T09:39:32Z
MDExOlB1bGxSZXF1ZXN0NTkzOTUyMDIz,https://github.com/cucumber/cucumber-js/pull/1614,2021-03-16T14:27:23Z,2021-03-16T14:28:31Z
MDExOlB1bGxSZXF1ZXN0NTk0MTExNDk3,https://github.com/cucumber/cucumber-js/pull/1616,2021-03-16T17:36:47Z,2021-03-19T17:47:38Z
MDExOlB1bGxSZXF1ZXN0NTk2MzgwMTc1,https://github.com/cucumber/cucumber-js/pull/1617,2021-03-19T09:52:50Z,
