id,name,open,labeled,commented,closed
MDU6SXNzdWU4OTg2NTI3NA==,https://github.com/cucumber/cucumber/issues/1,2015-06-21T04:55:56Z,,2015-06-22T15:24:30Z,2016-08-05T15:32:35Z
MDU6SXNzdWU5MDMyMDU5OA==,https://github.com/cucumber/cucumber/issues/2,2015-06-23T08:15:21Z,2017-03-16T22:44:43Z,2017-07-10T14:37:44Z,2017-07-10T21:05:35Z
MDU6SXNzdWU5ODM1NzQzNg==,https://github.com/cucumber/cucumber/issues/3,2015-07-31T09:59:04Z,,2015-08-13T12:16:14Z,2015-08-13T12:16:49Z
MDU6SXNzdWUxMDQ3NTE1MDU=,https://github.com/cucumber/cucumber/issues/4,2015-09-03T18:07:06Z,2017-03-16T22:44:53Z,2017-09-09T06:43:36Z,2017-09-09T06:45:38Z
MDU6SXNzdWUxMDUxOTAwNjE=,https://github.com/cucumber/cucumber/issues/5,2015-09-07T10:22:53Z,,2015-09-07T10:25:04Z,2015-09-07T10:24:34Z
MDU6SXNzdWUxMDUxOTM5OTU=,https://github.com/cucumber/cucumber/issues/6,2015-09-07T10:49:26Z,,2017-03-16T22:45:52Z,2017-03-16T22:45:52Z
MDU6SXNzdWUxMDk2ODA4NDY=,https://github.com/cucumber/cucumber/issues/7,2015-10-04T13:19:39Z,,2015-10-04T13:27:30Z,2015-10-04T13:27:30Z
MDU6SXNzdWUxMTIxNTA4NDE=,https://github.com/cucumber/cucumber/issues/8,2015-10-19T14:02:22Z,2017-11-08T10:55:25Z,2015-10-19T14:09:49Z,2017-11-15T11:28:36Z
MDU6SXNzdWUxMTIxODkxODE=,https://github.com/cucumber/cucumber/issues/9,2015-10-19T17:02:03Z,2017-11-08T10:55:26Z,2015-10-19T19:59:53Z,2017-11-15T11:28:35Z
MDU6SXNzdWUxMTQxMjc4MDc=,https://github.com/cucumber/cucumber/issues/10,2015-10-29T19:26:31Z,,2015-10-29T20:43:23Z,2015-10-29T20:43:23Z
MDU6SXNzdWUxMTQzMjU4MzM=,https://github.com/cucumber/cucumber/issues/11,2015-10-30T18:16:03Z,,2015-10-30T18:24:35Z,2016-12-08T04:32:15Z
MDU6SXNzdWUxMTQ4ODgxOTY=,https://github.com/cucumber/cucumber/issues/12,2015-11-03T19:13:50Z,,2015-11-03T19:19:14Z,2016-12-17T22:49:43Z
MDU6SXNzdWUxMTU3MDE1MTg=,https://github.com/cucumber/cucumber/issues/13,2015-11-08T00:17:09Z,2017-11-08T10:55:21Z,2015-11-09T08:37:12Z,2017-11-08T16:46:19Z
MDU6SXNzdWUxMTc1NDMyOTg=,https://github.com/cucumber/cucumber/issues/14,2015-11-18T09:09:17Z,,2015-12-11T18:41:12Z,2015-12-11T18:41:12Z
MDU6SXNzdWUxMTc1ODgxNDE=,https://github.com/cucumber/cucumber/issues/15,2015-11-18T13:35:44Z,,2015-11-18T13:36:53Z,2015-12-11T18:40:20Z
MDU6SXNzdWUxMjU0NTQ4NzY=,https://github.com/cucumber/cucumber/issues/16,2016-01-07T18:17:22Z,,2016-12-24T20:50:48Z,2016-12-24T20:50:48Z
MDU6SXNzdWUxMjY5NDU5NDI=,https://github.com/cucumber/cucumber/issues/17,2016-01-15T20:00:07Z,,2016-01-18T20:43:46Z,2016-01-18T20:43:46Z
MDU6SXNzdWUxMjk2ODgzODI=,https://github.com/cucumber/cucumber/issues/18,2016-01-29T07:23:18Z,,2016-02-05T12:30:40Z,2017-03-16T22:44:20Z
MDU6SXNzdWUxMzA3NDIxNTg=,https://github.com/cucumber/cucumber/issues/19,2016-02-02T16:46:53Z,,2016-02-02T17:00:58Z,2016-02-02T17:00:58Z
MDU6SXNzdWUxNDIxNTMzNTI=,https://github.com/cucumber/cucumber/issues/20,2016-03-20T11:21:37Z,,2016-03-29T13:10:56Z,2017-03-16T22:43:56Z
MDU6SXNzdWUxNDQyMTYxOTU=,https://github.com/cucumber/cucumber/issues/21,2016-03-29T09:58:47Z,,2016-04-02T09:52:40Z,2017-03-16T22:47:11Z
MDU6SXNzdWUxNTE2MzE4NzM=,https://github.com/cucumber/cucumber/issues/23,2016-04-28T12:42:20Z,,2016-04-28T14:36:50Z,2017-03-16T22:46:58Z
MDU6SXNzdWUxNTI5MDA0NTI=,https://github.com/cucumber/cucumber/issues/24,2016-05-03T23:49:42Z,,2016-05-04T00:04:12Z,2016-05-06T00:13:01Z
MDU6SXNzdWUxNTQxMjI5NTI=,https://github.com/cucumber/cucumber/issues/25,2016-05-10T22:41:29Z,2017-03-16T22:46:50Z,2016-07-02T10:26:18Z,2017-11-15T10:29:04Z
MDU6SXNzdWUxNTY5MTQwNTA=,https://github.com/cucumber/cucumber/issues/26,2016-05-26T06:33:42Z,,2016-09-17T21:00:34Z,2016-09-19T15:59:53Z
MDU6SXNzdWUxNTcyMDM3OTM=,https://github.com/cucumber/cucumber/issues/27,2016-05-27T13:13:27Z,,2016-06-06T19:04:42Z,2016-06-06T19:04:42Z
MDU6SXNzdWUxNTc2NTQ4MTQ=,https://github.com/cucumber/cucumber/issues/28,2016-05-31T12:02:06Z,,2016-06-06T18:42:15Z,2016-06-06T18:59:40Z
MDU6SXNzdWUxNTgxNzgxNjQ=,https://github.com/cucumber/cucumber/issues/29,2016-06-02T16:01:47Z,,2016-06-03T07:06:46Z,2016-06-03T07:06:46Z
MDU6SXNzdWUxNjA5NjM3MjU=,https://github.com/cucumber/cucumber/issues/30,2016-06-17T19:58:11Z,,2016-06-17T21:07:02Z,2016-06-17T21:11:21Z
MDU6SXNzdWUxNjUzODQwMzY=,https://github.com/cucumber/cucumber/issues/41,2016-07-13T18:02:54Z,,2018-10-25T01:39:22Z,2016-07-13T18:59:14Z
MDU6SXNzdWUxNjU3NTA0MzM=,https://github.com/cucumber/cucumber/issues/43,2016-07-15T09:52:53Z,2016-08-05T15:30:46Z,2016-09-17T20:58:43Z,2016-09-17T20:58:43Z
MDU6SXNzdWUxNjU3NTA2MzA=,https://github.com/cucumber/cucumber/issues/44,2016-07-15T09:53:59Z,2016-08-05T15:30:47Z,2018-10-24T22:39:08Z,2017-10-12T12:46:57Z
MDU6SXNzdWUxNjgwMzY5MjY=,https://github.com/cucumber/cucumber/issues/48,2016-07-28T08:06:48Z,,2016-07-28T10:10:43Z,2016-07-28T10:10:43Z
MDU6SXNzdWUxNjkwNzE5NjU=,https://github.com/cucumber/cucumber/issues/56,2016-08-03T08:05:43Z,,2016-08-05T10:36:02Z,2017-07-20T14:06:25Z
MDU6SXNzdWUxNjk2MzI3OTQ=,https://github.com/cucumber/cucumber/issues/57,2016-08-05T15:26:02Z,2016-08-05T15:26:02Z,2017-06-20T23:02:02Z,2017-06-20T23:02:02Z
MDU6SXNzdWUxNjk3NDM0NjY=,https://github.com/cucumber/cucumber/issues/58,2016-08-06T11:55:49Z,,2016-08-06T17:41:01Z,2016-08-06T23:13:52Z
MDU6SXNzdWUxNjk4NDIzNTg=,https://github.com/cucumber/cucumber/issues/59,2016-08-08T04:43:21Z,2016-09-14T11:31:44Z,2016-08-08T05:00:21Z,2018-03-07T20:30:47Z
MDU6SXNzdWUxNjk4OTg1MDA=,https://github.com/cucumber/cucumber/issues/60,2016-08-08T11:12:21Z,2016-08-08T11:12:21Z,2016-09-17T05:04:06Z,2016-09-17T05:19:20Z
MDU6SXNzdWUxNzE2ODUzNzE=,https://github.com/cucumber/cucumber/issues/62,2016-08-17T15:19:51Z,,2016-08-17T16:52:42Z,2016-08-17T16:52:42Z
MDU6SXNzdWUxNzIwMTA2OTc=,https://github.com/cucumber/cucumber/issues/65,2016-08-18T21:56:25Z,2016-08-18T21:56:25Z,2017-11-08T10:55:16Z,2017-11-15T11:28:37Z
MDU6SXNzdWUxNzc1ODU2MDE=,https://github.com/cucumber/cucumber/issues/77,2016-09-17T15:39:58Z,2016-09-17T15:39:58Z,2016-09-28T22:38:12Z,2016-09-28T22:38:18Z
MDU6SXNzdWUxNzg4MzI3OTk=,https://github.com/cucumber/cucumber/issues/79,2016-09-23T09:48:49Z,2016-09-23T10:04:17Z,2016-09-23T10:14:15Z,2018-10-09T23:13Z
MDU6SXNzdWUxNzkyMzkzMTg=,https://github.com/cucumber/cucumber/issues/80,2016-09-26T14:09:58Z,2016-09-26T14:09:58Z,2017-11-08T09:55:44Z,2017-11-15T10:28:56Z
MDU6SXNzdWUxODAyODExMDM=,https://github.com/cucumber/cucumber/issues/81,2016-09-30T11:24:39Z,,2016-09-30T11:30:33Z,2016-09-30T11:30:33Z
MDU6SXNzdWUxODA3MzcwNjQ=,https://github.com/cucumber/cucumber/issues/82,2016-10-03T20:22:23Z,,2016-10-03T20:22:37Z,2016-10-04T20:03:42Z
MDU6SXNzdWUxODA4NDY3Nzg=,https://github.com/cucumber/cucumber/issues/84,2016-10-04T09:37:04Z,,2016-10-04T15:59:02Z,2016-10-04T15:59:02Z
MDU6SXNzdWUxODE4NjU5MTA=,https://github.com/cucumber/cucumber/issues/85,2016-10-09T04:53:48Z,2016-10-09T04:53:48Z,2016-10-09T09:43:42Z,2016-11-24T23:27:51Z
MDU6SXNzdWUxODM2NDQ4MDA=,https://github.com/cucumber/cucumber/issues/88,2016-10-18T10:14:43Z,,2016-10-19T05:53:39Z,2016-10-19T05:53:39Z
MDU6SXNzdWUxODM5NTA0NzY=,https://github.com/cucumber/cucumber/issues/89,2016-10-19T12:41:03Z,2017-07-20T14:05:53Z,2016-12-10T01:00:57Z,2018-07-05T21:08:32Z
MDU6SXNzdWUxODQ4MTkxNTc=,https://github.com/cucumber/cucumber/issues/90,2016-10-24T11:49:57Z,2016-10-24T11:49:57Z,2016-10-24T13:19:14Z,2017-11-15T10:28:58Z
MDU6SXNzdWUxOTEyMDg3NjU=,https://github.com/cucumber/cucumber/issues/91,2016-11-23T08:08:30Z,,2018-10-25T00:39:24Z,2017-03-16T22:42:03Z
MDU6SXNzdWUxOTEzNjgxNjE=,https://github.com/cucumber/cucumber/issues/92,2016-11-23T20:03:37Z,2017-03-16T22:46:07Z,2017-06-14T19:13:23Z,2017-10-01T19:29:44Z
MDU6SXNzdWUxOTEzOTI3Nzg=,https://github.com/cucumber/cucumber/issues/93,2016-11-23T22:24:19Z,2016-11-23T22:24:19Z,2017-11-08T09:55:43Z,2017-11-15T10:28:57Z
MDU6SXNzdWUxOTE0MDQ3OTI=,https://github.com/cucumber/cucumber/issues/94,2016-11-23T23:53:46Z,2016-11-23T23:53:54Z,2017-04-02T20:05:14Z,2017-04-02T20:05:14Z
MDU6SXNzdWUxOTE2NzQxNDY=,https://github.com/cucumber/cucumber/issues/95,2016-11-25T10:47:27Z,,2016-11-25T11:00:13Z,2016-11-25T11:00:13Z
MDU6SXNzdWUxOTE3NzIwMDY=,https://github.com/cucumber/cucumber/issues/97,2016-11-25T22:41:01Z,2016-11-25T22:41:01Z,2017-07-10T21:11:49Z,2017-11-08T13:19:05Z
MDU6SXNzdWUxOTQzNTA0Mjk=,https://github.com/cucumber/cucumber/issues/98,2016-12-08T14:33:34Z,2017-03-16T22:41:06Z,2017-03-16T22:41:26Z,2017-11-15T10:29:03Z
MDU6SXNzdWUxOTc0NTM4Mzg=,https://github.com/cucumber/cucumber/issues/100,2016-12-24T08:09:41Z,,2017-07-20T14:05:08Z,2017-07-20T14:05:08Z
MDU6SXNzdWUxOTgzMzE5MzM=,https://github.com/cucumber/cucumber/issues/101,2017-01-02T12:55:53Z,,2017-03-10T16:39:09Z,2017-07-20T13:58:46Z
MDU6SXNzdWUyMDIxNTE1NDg=,https://github.com/cucumber/cucumber/issues/103,2017-01-20T14:21:49Z,2017-01-20T14:21:49Z,2017-02-17T23:00:15Z,2017-02-16T16:21:38Z
MDU6SXNzdWUyMDM1ODEzNzY=,https://github.com/cucumber/cucumber/issues/104,2017-01-27T08:37:26Z,2017-03-16T22:39:48Z,2017-02-02T06:59:24Z,2017-10-06T15:14:05Z
MDU6SXNzdWUyMDQwMTgwODA=,https://github.com/cucumber/cucumber/issues/107,2017-01-30T14:01:57Z,2017-01-30T14:01:57Z,2017-06-26T22:09:44Z,2018-01-19T10:33:06Z
MDU6SXNzdWUyMDUyMDAyOTU=,https://github.com/cucumber/cucumber/issues/108,2017-02-03T16:14:27Z,2017-02-03T16:14:27Z,2017-02-03T16:14:41Z,2017-02-17T21:10:24Z
MDU6SXNzdWUyMDUyMDE5NTU=,https://github.com/cucumber/cucumber/issues/109,2017-02-03T16:20:18Z,2017-02-03T16:20:18Z,2017-02-03T16:20:27Z,2017-02-14T23:21:03Z
MDU6SXNzdWUyMDUyMDMzMDU=,https://github.com/cucumber/cucumber/issues/110,2017-02-03T16:25:09Z,2017-02-03T16:25:09Z,2018-10-25T00:39:44Z,2017-02-07T22:59:12Z
MDU6SXNzdWUyMDU5MjI0MDQ=,https://github.com/cucumber/cucumber/issues/112,2017-02-07T15:30:50Z,,2017-02-07T18:05:11Z,2017-02-07T18:05:11Z
MDU6SXNzdWUyMDY5MTY3MDM=,https://github.com/cucumber/cucumber/issues/114,2017-02-10T21:56:14Z,2017-02-10T21:56:14Z,2017-02-17T21:01:31Z,2017-02-17T21:01:31Z
MDU6SXNzdWUyMDc3NTc3MjE=,https://github.com/cucumber/cucumber/issues/116,2017-02-15T10:03:05Z,,2017-02-15T10:13Z,2017-02-15T10:13Z
MDU6SXNzdWUyMDg0OTg4MDI=,https://github.com/cucumber/cucumber/issues/118,2017-02-17T16:58:26Z,2017-02-17T16:58:26Z,2017-02-17T20:58:12Z,2017-02-17T20:58:12Z
MDU6SXNzdWUyMDg0OTk3Mzk=,https://github.com/cucumber/cucumber/issues/119,2017-02-17T17:01:59Z,2017-02-17T17:01:59Z,2018-10-25T00:39:36Z,2017-02-17T21:04:02Z
MDU6SXNzdWUyMTMzNjczNzE=,https://github.com/cucumber/cucumber/issues/131,2017-03-10T15:16:11Z,2017-03-10T16:33:44Z,2017-03-10T20:00:54Z,2017-08-27T12:13:13Z
MDU6SXNzdWUyMTM1NTU4NzU=,https://github.com/cucumber/cucumber/issues/132,2017-03-11T20:10:24Z,2017-03-16T22:39:10Z,2017-03-11T23:35:11Z,2017-06-08T08:30:42Z
MDU6SXNzdWUyMTQwNDQzNDQ=,https://github.com/cucumber/cucumber/issues/133,2017-03-14T11:34:57Z,2017-03-14T11:34:57Z,2017-08-31T07:09:57Z,2017-11-15T10:29:14Z
MDU6SXNzdWUyMTQwNDcyMDY=,https://github.com/cucumber/cucumber/issues/134,2017-03-14T11:47:10Z,2017-03-14T11:47:10Z,2017-03-15T22:53:44Z,2017-03-15T22:53:44Z
MDU6SXNzdWUyMTQ1MTU1MTA=,https://github.com/cucumber/cucumber/issues/135,2017-03-15T20:27:56Z,2017-03-16T22:39:24Z,2017-03-15T20:27:56Z,2018-07-05T21:04:53Z
MDU6SXNzdWUyMTQ1NDg2OTE=,https://github.com/cucumber/cucumber/issues/137,2017-03-15T22:45:13Z,2017-03-15T22:45:13Z,2017-03-18T18:59:42Z,2017-03-20T15:32:27Z
MDU6SXNzdWUyMTQ1NTA5MTc=,https://github.com/cucumber/cucumber/issues/138,2017-03-15T22:57:22Z,2017-03-15T22:57:22Z,2018-10-24T23:40:04Z,2017-03-20T09:45:38Z
MDU6SXNzdWUyMTQ1NTEzNjY=,https://github.com/cucumber/cucumber/issues/139,2017-03-15T22:59:58Z,2017-03-15T22:59:58Z,2017-11-08T09:55:38Z,2017-11-15T10:28:59Z
MDU6SXNzdWUyMTQ1NTI0MjY=,https://github.com/cucumber/cucumber/issues/140,2017-03-15T23:05:52Z,2017-03-15T23:05:52Z,2017-04-02T20:19:32Z,2017-04-02T20:19:32Z
MDU6SXNzdWUyMTQ2MzI2NTc=,https://github.com/cucumber/cucumber/issues/141,2017-03-16T08:44:15Z,,2017-03-16T09:43:08Z,2017-03-16T09:43:08Z
MDU6SXNzdWUyMTQ2OTc4OTQ=,https://github.com/cucumber/cucumber/issues/143,2017-03-16T13:05:56Z,2017-03-16T13:05:56Z,2017-03-19T22:40:34Z,2017-11-15T10:29:05Z
MDU6SXNzdWUyMTQ2OTkxNTE=,https://github.com/cucumber/cucumber/issues/144,2017-03-16T13:10:55Z,2017-03-16T22:38:50Z,2017-03-16T13:10:55Z,2017-11-15T10:29:02Z
MDU6SXNzdWUyMTQ2OTkyNDk=,https://github.com/cucumber/cucumber/issues/145,2017-03-16T13:11:18Z,2017-03-16T22:38:51Z,2017-03-16T13:11:18Z,2017-03-20T15:32:27Z
MDU6SXNzdWUyMTQ2OTkyOTY=,https://github.com/cucumber/cucumber/issues/146,2017-03-16T13:11:25Z,2017-03-16T22:38:24Z,2017-11-08T09:55:37Z,2017-11-15T10:29Z
MDU6SXNzdWUyMTQ3MDA4MzM=,https://github.com/cucumber/cucumber/issues/147,2017-03-16T13:16:53Z,2017-03-16T22:38:24Z,2017-03-16T13:16:53Z,2017-11-15T10:29:01Z
MDU6SXNzdWUyMTQ3NjUzODQ=,https://github.com/cucumber/cucumber/issues/148,2017-03-16T16:36:31Z,2017-03-16T16:36:31Z,2018-10-25T00:39:12Z,2017-03-16T23:40:41Z
MDU6SXNzdWUyMTQ3NjU2NDk=,https://github.com/cucumber/cucumber/issues/149,2017-03-16T16:37:24Z,2017-03-16T16:37:24Z,2017-03-16T16:38:12Z,2017-03-16T23:41:12Z
MDU6SXNzdWUyMTQ4NjEyODg=,https://github.com/cucumber/cucumber/issues/153,2017-03-16T22:50:25Z,2017-03-16T22:50:55Z,2017-03-17T00:15:51Z,2017-03-16T23:52:52Z
MDU6SXNzdWUyMTQ4NjkwNDg=,https://github.com/cucumber/cucumber/issues/154,2017-03-16T23:35:24Z,2017-03-16T23:35:24Z,2018-10-25T00:39:10Z,2017-03-16T23:41:06Z
MDU6SXNzdWUyMTQ4NzU2MjE=,https://github.com/cucumber/cucumber/issues/157,2017-03-17T00:21:15Z,2017-03-17T00:21:15Z,2018-10-24T23:39:36Z,2017-05-01T19:58:17Z
MDU6SXNzdWUyMTU4ODQ1NzI=,https://github.com/cucumber/cucumber/issues/165,2017-03-21T21:31:36Z,2017-03-21T21:31:36Z,2017-03-22T10:31:47Z,2017-04-02T20:29:12Z
MDU6SXNzdWUyMTU5MTI0NTM=,https://github.com/cucumber/cucumber/issues/167,2017-03-21T23:47:22Z,2017-03-21T23:47:22Z,2017-09-09T06:56:42Z,2017-11-08T13:18:30Z
MDU6SXNzdWUyMTYwNTM4MjQ=,https://github.com/cucumber/cucumber/issues/168,2017-03-22T13:02:01Z,2017-03-22T13:02:01Z,2018-10-24T23:39:38Z,2017-05-01T18:00:19Z
MDU6SXNzdWUyMTYxOTIyMzg=,https://github.com/cucumber/cucumber/issues/169,2017-03-22T20:08:22Z,,2017-03-22T22:34:48Z,2017-03-22T22:34:48Z
MDU6SXNzdWUyMTg0NDc2ODE=,https://github.com/cucumber/cucumber/issues/175,2017-03-31T09:29:53Z,2017-03-31T09:29:53Z,2017-12-12T11:14:27Z,2017-12-19T11:22:47Z
MDU6SXNzdWUyMTg3OTAxMzQ=,https://github.com/cucumber/cucumber/issues/177,2017-04-02T20:13:27Z,2017-04-02T20:13:27Z,2017-10-06T14:18:40Z,2017-10-06T14:18:40Z
MDU6SXNzdWUyMjAzMTYzNDM=,https://github.com/cucumber/cucumber/issues/178,2017-04-07T20:11:38Z,2017-04-07T22:52:20Z,2017-04-07T22:52:23Z,2017-04-07T22:52:23Z
MDU6SXNzdWUyMjA0ODMzMDE=,https://github.com/cucumber/cucumber/issues/181,2017-04-09T16:52:57Z,,2017-04-09T23:43:35Z,2017-04-09T23:43:35Z
MDU6SXNzdWUyMjA1NzMzNzc=,https://github.com/cucumber/cucumber/issues/182,2017-04-10T08:36:38Z,,2017-04-10T14:31:56Z,2017-04-10T14:31:56Z
MDU6SXNzdWUyMjA3MjgzMDI=,https://github.com/cucumber/cucumber/issues/183,2017-04-10T18:20:20Z,,2017-04-18T19:35:57Z,2017-04-18T19:35:57Z
MDU6SXNzdWUyMjE1NjEzMjc=,https://github.com/cucumber/cucumber/issues/184,2017-04-13T13:20:57Z,,2017-04-14T09:07:10Z,2017-04-14T09:07:10Z
MDU6SXNzdWUyMjI4MDYwMTY=,https://github.com/cucumber/cucumber/issues/187,2017-04-19T17:05:13Z,,2017-04-19T19:12:56Z,2017-07-20T13:57:19Z
MDU6SXNzdWUyMjQ0MTc1Mzk=,https://github.com/cucumber/cucumber/issues/189,2017-04-26T10:21:24Z,,2017-04-26T10:45:11Z,2017-04-26T10:45:11Z
MDU6SXNzdWUyMjQ3MTc5NTI=,https://github.com/cucumber/cucumber/issues/190,2017-04-27T09:01:35Z,2017-04-27T09:01:35Z,2018-10-24T23:39:12Z,2017-06-27T21:28:53Z
MDU6SXNzdWUyMjUyMDIyMTc=,https://github.com/cucumber/cucumber/issues/191,2017-04-28T21:53:39Z,2017-04-28T21:53:39Z,2017-06-26T22:08:42Z,2017-06-15T13:30:54Z
MDU6SXNzdWUyMjUyMDI5NTY=,https://github.com/cucumber/cucumber/issues/192,2017-04-28T21:57:53Z,2017-04-28T21:57:53Z,2017-08-18T14:29:41Z,2017-11-15T10:29:12Z
MDU6SXNzdWUyMjU1MTYyNTc=,https://github.com/cucumber/cucumber/issues/195,2017-05-01T20:17:42Z,2017-05-01T20:17:42Z,2018-01-04T18:34:45Z,2018-01-11T19:24:12Z
MDU6SXNzdWUyMjY2NTU5NDQ=,https://github.com/cucumber/cucumber/issues/199,2017-05-05T18:32:16Z,2017-07-20T13:57:34Z,2017-05-05T18:41:44Z,2017-11-15T10:29:07Z
MDU6SXNzdWUyMjY3MDcwOTI=,https://github.com/cucumber/cucumber/issues/200,2017-05-05T22:25:07Z,,2017-05-05T22:45:10Z,2017-05-05T22:45:10Z
MDU6SXNzdWUyMjcxNzM0MjQ=,https://github.com/cucumber/cucumber/issues/203,2017-05-08T21:01:44Z,,2017-05-08T21:23:38Z,2017-07-20T13:56:41Z
MDU6SXNzdWUyMjc1MTI1Njc=,https://github.com/cucumber/cucumber/issues/204,2017-05-09T22:07:36Z,2017-05-09T22:07:36Z,2017-05-10T17:30:40Z,2017-06-20T23:01:52Z
MDU6SXNzdWUyMjc2MzU2MTM=,https://github.com/cucumber/cucumber/issues/205,2017-05-10T10:31:49Z,,2017-05-10T10:33:53Z,2017-05-10T10:33:53Z
MDU6SXNzdWUyMjgxNTg1NDY=,https://github.com/cucumber/cucumber/issues/207,2017-05-12T00:40:37Z,,2017-07-20T13:55:55Z,2017-07-20T13:55:55Z
MDU6SXNzdWUyMjgxNTk4MTE=,https://github.com/cucumber/cucumber/issues/208,2017-05-12T00:51:06Z,2017-07-20T13:49:01Z,2017-07-20T13:55:39Z,2017-08-27T12:17:46Z
MDU6SXNzdWUyMzAyMzk0NjY=,https://github.com/cucumber/cucumber/issues/210,2017-05-21T18:42:45Z,2017-05-21T18:42:45Z,2017-05-22T09:59:37Z,2021-02-02T12:18:52Z
MDU6SXNzdWUyMzA2NzM0NDI=,https://github.com/cucumber/cucumber/issues/211,2017-05-23T11:22:28Z,2017-05-26T17:47:29Z,2017-06-08T08:34:12Z,2017-06-08T10:38:50Z
MDU6SXNzdWUyMzE2MTcxMDg=,https://github.com/cucumber/cucumber/issues/213,2017-05-26T12:46:42Z,2017-05-26T12:46:42Z,2018-10-24T23:39:30Z,2017-05-28T22:31:21Z
MDU6SXNzdWUyMzE4OTA0NTE=,https://github.com/cucumber/cucumber/issues/214,2017-05-28T19:56:27Z,2017-05-28T19:56:27Z,2017-05-28T20:47:28Z,2017-11-15T10:29:13Z
MDU6SXNzdWUyMzM5ODk0MzU=,https://github.com/cucumber/cucumber/issues/217,2017-06-06T18:53:13Z,2017-06-06T18:54:48Z,2017-06-06T18:56:12Z,2017-08-27T10:39:04Z
MDU6SXNzdWUyMzM5OTA1NTM=,https://github.com/cucumber/cucumber/issues/218,2017-06-06T18:57:08Z,2017-06-06T18:57:08Z,2017-06-08T08:32:44Z,2017-06-08T08:32:46Z
MDU6SXNzdWUyMzQzMjU2NzA=,https://github.com/cucumber/cucumber/issues/219,2017-06-07T20:02:25Z,2017-06-07T20:05Z,2017-06-07T20:04:10Z,2017-06-07T20:04:10Z
MDU6SXNzdWUyMzQ5NzE5NTg=,https://github.com/cucumber/cucumber/issues/221,2017-06-10T01:54:31Z,2017-07-20T14:18:21Z,2017-06-10T08:19:17Z,2018-07-05T21:04:07Z
MDU6SXNzdWUyMzUyMjYxNDA=,https://github.com/cucumber/cucumber/issues/222,2017-06-12T13:06:26Z,2017-06-12T13:38:56Z,2017-06-12T13:37:01Z,2017-06-12T20:24:08Z
MDU6SXNzdWUyMzU4NzMyMDQ=,https://github.com/cucumber/cucumber/issues/224,2017-06-14T13:08:19Z,2017-06-14T13:08:19Z,2017-06-20T23:00:55Z,2017-06-20T23:00:55Z
MDU6SXNzdWUyNDE1MzE1MDY=,https://github.com/cucumber/cucumber/issues/233,2017-07-09T15:19:44Z,,2017-07-18T16:43:27Z,2017-07-20T14:02:07Z
MDU6SXNzdWUyNDIzNTU1NzE=,https://github.com/cucumber/cucumber/issues/236,2017-07-12T11:59:05Z,,2017-07-12T21:54:47Z,2017-07-12T21:54:47Z
MDU6SXNzdWUyNDMwMTM1OTg=,https://github.com/cucumber/cucumber/issues/238,2017-07-14T14:27:20Z,,2017-07-14T21:34:18Z,2017-07-20T14:03:57Z
MDU6SXNzdWUyNDM3ODQxNzE=,https://github.com/cucumber/cucumber/issues/239,2017-07-18T16:58:38Z,2017-07-20T13:59:01Z,2017-07-18T17:52:39Z,2017-11-15T10:29:08Z
MDU6SXNzdWUyNDQ0OTAyMjY=,https://github.com/cucumber/cucumber/issues/240,2017-07-20T20:40:34Z,2017-07-20T20:40:34Z,2017-11-08T09:55:24Z,2017-11-15T10:29:09Z
MDU6SXNzdWUyNDUxNzYyNDk=,https://github.com/cucumber/cucumber/issues/241,2017-07-24T18:57:16Z,2017-07-24T19:00:43Z,2017-08-18T14:10:18Z,2017-11-15T10:29:11Z
MDU6SXNzdWUyNDYzOTI1OTY=,https://github.com/cucumber/cucumber/issues/242,2017-07-28T16:09:50Z,,2017-07-28T16:18:21Z,2017-07-28T16:18:21Z
MDU6SXNzdWUyNDc3NzEzMzk=,https://github.com/cucumber/cucumber/issues/243,2017-08-03T16:56:13Z,,2017-08-03T18:52:25Z,2017-08-03T18:52:25Z
MDU6SXNzdWUyNDgyNzAwMTk=,https://github.com/cucumber/cucumber/issues/245,2017-08-06T20:27:18Z,2017-08-21T15:10:39Z,2018-10-24T22:39:14Z,2017-10-06T14:20:39Z
MDU6SXNzdWUyNDkzMDM4ODA=,https://github.com/cucumber/cucumber/issues/246,2017-08-10T10:35:27Z,,2017-08-10T11:02:25Z,2017-08-10T11:02:36Z
MDU6SXNzdWUyNTEyMTYyNjg=,https://github.com/cucumber/cucumber/issues/249,2017-08-18T11:23:38Z,2017-08-18T11:23:38Z,2017-08-18T12:36:06Z,2021-03-26T16:16:25Z
MDU6SXNzdWUyNTE1MzQzNjk=,https://github.com/cucumber/cucumber/issues/250,2017-08-21T02:22:08Z,2017-08-21T15:10:22Z,2017-08-27T13:09:08Z,2018-07-05T21:03:03Z
MDU6SXNzdWUyNTE3MDE3NTM=,https://github.com/cucumber/cucumber/issues/251,2017-08-21T15:54:40Z,2017-08-21T15:55:02Z,2017-08-21T19:55:26Z,2017-09-14T22:23:53Z
MDU6SXNzdWUyNTE3MzM5ODU=,https://github.com/cucumber/cucumber/issues/252,2017-08-21T18:19:13Z,2017-08-21T18:19:13Z,2017-08-22T03:40:08Z,2017-10-06T13:17:13Z
MDU6SXNzdWUyNTE5Nzg5ODA=,https://github.com/cucumber/cucumber/issues/255,2017-08-22T14:35:31Z,2017-08-22T14:35:32Z,2017-08-22T14:39:39Z,2019-08-14T19:48:43Z
MDU6SXNzdWUyNTIzNTQ5NzU=,https://github.com/cucumber/cucumber/issues/259,2017-08-23T17:14:06Z,2017-08-23T17:53:17Z,2017-08-23T17:54:58Z,2017-10-06T13:16:42Z
MDU6SXNzdWUyNTM3MDI2NTk=,https://github.com/cucumber/cucumber/issues/262,2017-08-29T15:17:01Z,,2017-08-29T15:32:45Z,2017-08-29T15:32:46Z
MDU6SXNzdWUyNTQzOTg1OTU=,https://github.com/cucumber/cucumber/issues/263,2017-08-31T16:43:45Z,2017-08-31T20:16:13Z,2017-11-08T09:55:17Z,2017-11-15T10:29:15Z
MDU6SXNzdWUyNTQ3ODUxMDc=,https://github.com/cucumber/cucumber/issues/265,2017-09-02T03:00:10Z,2017-09-02T23:52:58Z,2017-09-02T03:07:57Z,2017-09-03T00:08:18Z
MDU6SXNzdWUyNTY0NjM5ODY=,https://github.com/cucumber/cucumber/issues/266,2017-09-09T20:30:13Z,2017-09-09T20:30:44Z,2017-09-11T15:16:53Z,2017-10-01T18:52:21Z
MDU6SXNzdWUyNTY5OTE4NTY=,https://github.com/cucumber/cucumber/issues/267,2017-09-12T10:19:29Z,2017-09-12T10:20:20Z,2017-11-11T10:45:09Z,2017-11-18T11:44:59Z
MDU6SXNzdWUyNTgzNjg1OTE=,https://github.com/cucumber/cucumber/issues/268,2017-09-18T04:33:59Z,,2017-09-18T05:57:59Z,2017-09-18T06:06:02Z
MDU6SXNzdWUyNTg3MDk0NjA=,https://github.com/cucumber/cucumber/issues/269,2017-09-19T06:27:57Z,2017-09-19T06:27:57Z,2018-01-04T18:34:43Z,2018-01-11T19:24:14Z
MDU6SXNzdWUyNTkwMDY5NDA=,https://github.com/cucumber/cucumber/issues/271,2017-09-20T00:48:12Z,2017-09-20T00:48:12Z,2017-09-20T06:08:49Z,2017-10-06T13:14:02Z
MDU6SXNzdWUyNjA1NTgyOTk=,https://github.com/cucumber/cucumber/issues/272,2017-09-26T09:41:07Z,2017-10-22T20:54:53Z,2017-09-26T10:01:35Z,2017-12-28T23:20:13Z
MDU6SXNzdWUyNjI4MzQzMDg=,https://github.com/cucumber/cucumber/issues/276,2017-10-04T15:38:02Z,2017-10-05T10:13Z,2017-10-04T16:52:12Z,2017-10-05T14:04:32Z
MDU6SXNzdWUyNjMwNDcxOTI=,https://github.com/cucumber/cucumber/issues/278,2017-10-05T08:47:06Z,2017-10-05T15:05:37Z,2017-10-05T15:05:28Z,2017-10-06T13:13:07Z
MDU6SXNzdWUyNjMxNDc2OTQ=,https://github.com/cucumber/cucumber/issues/280,2017-10-05T14:31:36Z,2017-10-05T14:31:36Z,2017-12-04T15:17:43Z,2017-12-11T16:17:46Z
MDU6SXNzdWUyNjMzNzIyOTk=,https://github.com/cucumber/cucumber/issues/281,2017-10-06T08:35:09Z,2017-10-06T08:35:44Z,2017-10-06T11:06:33Z,2017-10-11T09:29:56Z
MDU6SXNzdWUyNjQ0MzU5MzU=,https://github.com/cucumber/cucumber/issues/285,2017-10-11T02:20:17Z,2017-10-11T07:27:37Z,2017-10-11T07:35:24Z,2017-11-28T09:03:11Z
MDU6SXNzdWUyNjYyNTcwODc=,https://github.com/cucumber/cucumber/issues/289,2017-10-17T19:55:07Z,2017-10-22T20:54:36Z,2017-10-17T20:33:38Z,2018-05-18T14:44:57Z
MDU6SXNzdWUyNjcxNjA1MjQ=,https://github.com/cucumber/cucumber/issues/290,2017-10-20T12:32:13Z,2017-10-20T14:23:20Z,2017-10-20T14:25:32Z,2020-02-07T23:43:47Z
MDU6SXNzdWUyNjc4NDIxNzA=,https://github.com/cucumber/cucumber/issues/294,2017-10-23T22:50:56Z,,2017-10-24T14:45:25Z,2017-10-30T19:24:09Z
MDU6SXNzdWUyNjg3NDkzNjg=,https://github.com/cucumber/cucumber/issues/296,2017-10-26T12:56:50Z,2017-10-26T13:04:34Z,2017-10-26T13:04:09Z,2017-11-27T16:16:45Z
MDU6SXNzdWUyNjk3NDYzMzY=,https://github.com/cucumber/cucumber/issues/297,2017-10-30T20:40:17Z,,2017-10-30T21:24:12Z,2017-10-30T21:24:12Z
MDU6SXNzdWUyNzEzMDUzNzY=,https://github.com/cucumber/cucumber/issues/299,2017-11-05T19:11:15Z,2017-12-19T00:02:59Z,2017-11-05T22:25:11Z,2018-02-19T08:51:42Z
MDU6SXNzdWUyNzE0NDkzNjc=,https://github.com/cucumber/cucumber/issues/300,2017-11-06T11:51:32Z,2017-11-06T11:56:21Z,2017-11-06T11:51:33Z,2017-11-06T11:57:20Z
MDU6SXNzdWUyNzE1NDU0MzI=,https://github.com/cucumber/cucumber/issues/301,2017-11-06T16:53:53Z,2017-12-19T00:03:10Z,2018-02-17T00:21:20Z,2018-04-26T22:34:46Z
MDU6SXNzdWUyNzYwNjM3NTU=,https://github.com/cucumber/cucumber/issues/302,2017-11-22T13:16:22Z,,2017-12-19T00:04:08Z,2017-12-19T00:04:09Z
MDU6SXNzdWUyNzY1NjQ4MTQ=,https://github.com/cucumber/cucumber/issues/303,2017-11-24T09:51:04Z,2017-11-24T09:58:07Z,2018-11-24T10:29:31Z,2017-11-24T10:09:40Z
MDU6SXNzdWUyNzY3MjQyMDU=,https://github.com/cucumber/cucumber/issues/304,2017-11-25T04:16:55Z,2017-11-25T04:21:53Z,2017-11-25T19:07:44Z,2017-11-27T16:16:45Z
MDU6SXNzdWUyNzczMzAzMTU=,https://github.com/cucumber/cucumber/issues/306,2017-11-28T10:22:40Z,2017-11-28T10:23Z,2017-11-28T10:22:41Z,2017-11-28T15:40:13Z
MDU6SXNzdWUyNzczMzA5NTI=,https://github.com/cucumber/cucumber/issues/307,2017-11-28T10:24:39Z,2017-11-28T10:24:51Z,2017-11-28T10:53:52Z,2017-11-28T15:35:36Z
MDU6SXNzdWUyNzczNDA3OTk=,https://github.com/cucumber/cucumber/issues/308,2017-11-28T10:55:41Z,2017-11-28T10:57:11Z,2017-11-28T12:17:26Z,2017-11-28T12:13:45Z
MDU6SXNzdWUyNzg3NDAyMzc=,https://github.com/cucumber/cucumber/issues/310,2017-12-03T03:15:53Z,,2017-12-03T09:59:16Z,2017-12-03T09:59:16Z
MDU6SXNzdWUyNzg4NzgwNDY=,https://github.com/cucumber/cucumber/issues/311,2017-12-04T05:50:31Z,,2017-12-04T10:55:09Z,2017-12-04T10:55:09Z
MDU6SXNzdWUyNzkxODcwNTg=,https://github.com/cucumber/cucumber/issues/312,2017-12-04T23:19:31Z,,2017-12-04T23:51Z,2017-12-19T00:04:56Z
MDU6SXNzdWUyODA4NTI2NzY=,https://github.com/cucumber/cucumber/issues/316,2017-12-10T22:36:47Z,2017-12-10T22:50:48Z,2017-12-10T22:50:54Z,2018-02-11T20:36:32Z
MDU6SXNzdWUyODIzMTMwMzI=,https://github.com/cucumber/cucumber/issues/317,2017-12-15T03:55:55Z,2017-12-19T00:05:17Z,2017-12-15T07:30:16Z,2018-03-23T21:04:49Z
MDU6SXNzdWUyODI4ODkzNzY=,https://github.com/cucumber/cucumber/issues/318,2017-12-18T14:04:15Z,,2017-12-18T17:21:44Z,2017-12-18T17:21:44Z
MDU6SXNzdWUyODQ5OTYwMzQ=,https://github.com/cucumber/cucumber/issues/320,2017-12-28T21:48:03Z,2017-12-30T00:21:40Z,2017-12-30T00:22:06Z,2018-03-07T00:30:47Z
MDU6SXNzdWUyODkwMzgzODk=,https://github.com/cucumber/cucumber/issues/323,2018-01-16T20:03:39Z,2018-01-16T20:13:57Z,2018-01-19T13:12:39Z,2018-01-19T13:12:39Z
MDU6SXNzdWUyODk5ODk3OTA=,https://github.com/cucumber/cucumber/issues/325,2018-01-19T14:17:53Z,2018-01-19T14:29:35Z,2018-01-19T14:29:25Z,2018-01-19T14:42:48Z
MDU6SXNzdWUyOTAwNTQyNjY=,https://github.com/cucumber/cucumber/issues/326,2018-01-19T17:41:42Z,2018-01-19T21:18:37Z,2018-01-19T18:26:23Z,2018-01-19T23:23:49Z
MDU6SXNzdWUyOTEzNjMwMDU=,https://github.com/cucumber/cucumber/issues/328,2018-01-24T21:18:14Z,,2018-02-10T20:01:54Z,2018-02-10T20:01:54Z
MDU6SXNzdWUyOTI4MzY3NTA=,https://github.com/cucumber/cucumber/issues/329,2018-01-30T15:58:31Z,2018-01-30T16:47:17Z,2018-01-30T16:02:04Z,2018-01-31T10:28Z
MDU6SXNzdWUyOTUyMTQwODU=,https://github.com/cucumber/cucumber/issues/331,2018-02-07T16:56:43Z,2018-02-10T20:10:52Z,2018-02-08T09:35:10Z,
MDU6SXNzdWUyOTU0OTEwMTY=,https://github.com/cucumber/cucumber/issues/332,2018-02-08T12:17:36Z,,2018-02-08T15:36:07Z,2018-02-08T15:36:07Z
MDU6SXNzdWUyOTU5MDI2MDk=,https://github.com/cucumber/cucumber/issues/333,2018-02-09T15:11:58Z,2018-02-09T15:24:54Z,2018-02-09T15:31:46Z,2018-02-10T19:54:49Z
MDU6SXNzdWUyOTk1ODQyMDk=,https://github.com/cucumber/cucumber/issues/335,2018-02-23T03:04:45Z,,2019-03-02T08:29:47Z,2018-03-02T07:52:33Z
MDU6SXNzdWUzMDEyNDA1MTU=,https://github.com/cucumber/cucumber/issues/337,2018-03-01T00:55:30Z,,2018-03-02T09:19:29Z,2018-03-02T09:19:29Z
MDU6SXNzdWUzMDE5MzEzNTk=,https://github.com/cucumber/cucumber/issues/338,2018-03-02T22:55:13Z,,2018-03-03T02:49:06Z,2018-03-03T20:34:46Z
MDU6SXNzdWUzMDIxMjUwMDQ=,https://github.com/cucumber/cucumber/issues/340,2018-03-04T21:40:39Z,2018-03-23T21:03:38Z,2018-03-05T20:38:17Z,2019-08-14T17:58:18Z
MDU6SXNzdWUzMDQwMDY5OTE=,https://github.com/cucumber/cucumber/issues/343,2018-03-09T22:58:04Z,2018-03-23T21:03:38Z,2018-05-22T21:25:46Z,2018-06-04T15:52:07Z
MDU6SXNzdWUzMDcwNjI5ODU=,https://github.com/cucumber/cucumber/issues/345,2018-03-20T22:33:45Z,2018-03-23T21:03:48Z,2018-03-20T22:56:04Z,2018-04-04T04:21:49Z
MDU6SXNzdWUzMTI4OTQ3OTE=,https://github.com/cucumber/cucumber/issues/358,2018-04-10T12:11Z,2018-04-10T12:11Z,2018-04-10T13:53:10Z,2018-04-10T15:28:39Z
MDU6SXNzdWUzMTQ0NTA0NDE=,https://github.com/cucumber/cucumber/issues/361,2018-04-15T20:46:43Z,2018-04-15T20:46:43Z,2018-04-15T22:27:47Z,2018-04-15T22:27:47Z
MDU6SXNzdWUzMTQ1NjI2MjY=,https://github.com/cucumber/cucumber/issues/362,2018-04-16T09:11:38Z,,2018-04-16T14:00:27Z,2018-04-16T14:00:28Z
MDU6SXNzdWUzMTUzOTU5MTM=,https://github.com/cucumber/cucumber/issues/363,2018-04-18T09:15:26Z,,2018-04-18T11:29:34Z,2018-04-18T11:29:34Z
MDU6SXNzdWUzMTU4MDI4Nzc=,https://github.com/cucumber/cucumber/issues/364,2018-04-19T09:43:01Z,,2018-04-20T21:08:58Z,2018-04-20T21:54:17Z
MDU6SXNzdWUzMTYxNDM4NDE=,https://github.com/cucumber/cucumber/issues/365,2018-04-20T06:31:29Z,2018-04-20T21:58:23Z,2018-04-20T06:44:39Z,2018-04-26T04:48:44Z
MDU6SXNzdWUzMTYyNzQzMTg=,https://github.com/cucumber/cucumber/issues/368,2018-04-20T13:45:51Z,2018-04-20T18:39:07Z,2018-04-20T18:30:22Z,2018-04-20T21:57:05Z
MDU6SXNzdWUzMTY3MDE0NDE=,https://github.com/cucumber/cucumber/issues/371,2018-04-23T07:58:21Z,2018-04-23T09:26:03Z,2018-04-23T08:05:07Z,2018-05-30T10:16:41Z
MDU6SXNzdWUzMTY4MTUwMjk=,https://github.com/cucumber/cucumber/issues/373,2018-04-23T13:34Z,,2018-04-23T13:36:37Z,2018-04-23T21:08:02Z
MDU6SXNzdWUzMTc4ODIwNjQ=,https://github.com/cucumber/cucumber/issues/374,2018-04-26T05:23:40Z,2018-04-26T05:23:41Z,2018-05-29T05:19:02Z,2018-05-18T14:53:39Z
MDU6SXNzdWUzMTc5Mzk2MTY=,https://github.com/cucumber/cucumber/issues/375,2018-04-26T09:06:36Z,2018-04-26T09:29:48Z,2019-05-30T20:42:39Z,2018-05-29T20:58:30Z
MDU6SXNzdWUzMTg0NzI0NTY=,https://github.com/cucumber/cucumber/issues/376,2018-04-27T16:28Z,2018-04-29T15:21:04Z,2018-06-14T11:36:31Z,2018-06-15T15:08:42Z
MDU6SXNzdWUzMTg4NzQyNTY=,https://github.com/cucumber/cucumber/issues/379,2018-04-30T12:32:36Z,,2018-04-30T12:34:12Z,2018-05-09T14:09:21Z
MDU6SXNzdWUzMjAyMDI0MDU=,https://github.com/cucumber/cucumber/issues/381,2018-05-04T09:09:46Z,2018-05-04T09:28:09Z,2018-05-04T09:29:37Z,2018-05-04T09:29:37Z
MDU6SXNzdWUzMjE3ODQ3ODM=,https://github.com/cucumber/cucumber/issues/384,2018-05-10T02:08:53Z,2018-05-13T15:36:28Z,2018-05-10T13:06:28Z,2018-08-06T23:58:43Z
MDU6SXNzdWUzMjI4NjA1MTU=,https://github.com/cucumber/cucumber/issues/387,2018-05-14T15:12:16Z,2018-05-14T17:16:20Z,2018-05-14T17:15:29Z,2018-06-13T21:10:46Z
MDU6SXNzdWUzMjQzMDk3NDg=,https://github.com/cucumber/cucumber/issues/388,2018-05-18T08:04:43Z,,2018-05-18T08:07:44Z,2018-05-18T09:36:42Z
MDU6SXNzdWUzMjQ0MTAwMjY=,https://github.com/cucumber/cucumber/issues/389,2018-05-18T13:26Z,2018-05-25T13:41:28Z,2018-05-18T13:32:13Z,2018-06-15T15:08:11Z
MDU6SXNzdWUzMjQ2ODY1ODA=,https://github.com/cucumber/cucumber/issues/390,2018-05-20T06:07:06Z,,2018-05-20T17:35:19Z,2018-05-20T17:35:19Z
MDU6SXNzdWUzMjQ3MzIzNjM=,https://github.com/cucumber/cucumber/issues/391,2018-05-20T18:54:46Z,2018-05-20T18:54:46Z,2019-05-21T11:00:41Z,2018-05-21T10:03:30Z
MDU6SXNzdWUzMjU0MDI5NDE=,https://github.com/cucumber/cucumber/issues/393,2018-05-22T17:59:44Z,2018-05-25T13:41:46Z,2018-07-05T21:00:04Z,2018-07-05T21:00:04Z
MDU6SXNzdWUzMjU0MDQ5NTE=,https://github.com/cucumber/cucumber/issues/394,2018-05-22T18:05:38Z,2018-05-25T13:41:46Z,2019-05-30T20:42:41Z,2018-05-29T20:50:06Z
MDU6SXNzdWUzMjYwMTEyMDU=,https://github.com/cucumber/cucumber/issues/396,2018-05-24T08:16:27Z,,2018-05-24T08:47:57Z,2018-05-24T10:55:05Z
MDU6SXNzdWUzMjYwOTU2NzY=,https://github.com/cucumber/cucumber/issues/397,2018-05-24T12:19:59Z,,2018-05-25T13:42:51Z,2018-05-29T15:42:07Z
MDU6SXNzdWUzMjY0MzcxNzM=,https://github.com/cucumber/cucumber/issues/398,2018-05-25T08:57:45Z,2018-05-25T13:48:01Z,2018-05-25T13:47:53Z,2018-05-25T13:47:53Z
MDU6SXNzdWUzMjcwMzM1NTU=,https://github.com/cucumber/cucumber/issues/399,2018-05-28T13:50:30Z,,2018-05-28T15:47:20Z,2018-05-28T15:47:20Z
MDU6SXNzdWUzMjk1MjQ4OTk=,https://github.com/cucumber/cucumber/issues/403,2018-06-05T16:05:27Z,,2018-06-06T03:38:02Z,2018-06-06T03:38:02Z
MDU6SXNzdWUzMjk5NjQyMzg=,https://github.com/cucumber/cucumber/issues/404,2018-06-06T17:33:40Z,2018-06-07T10:38:32Z,2018-06-13T11:03:41Z,2018-06-13T21:32:16Z
MDU6SXNzdWUzMzAwNzU1NjU=,https://github.com/cucumber/cucumber/issues/405,2018-06-07T00:18:51Z,,2018-06-07T00:22:38Z,2018-06-12T10:07:47Z
MDU6SXNzdWUzMzA5MTk0MTk=,https://github.com/cucumber/cucumber/issues/406,2018-06-09T21:09:10Z,2018-06-09T21:09:40Z,2018-06-09T22:56:58Z,2018-09-21T23:22:38Z
MDU6SXNzdWUzMzEwMTk0MjY=,https://github.com/cucumber/cucumber/issues/407,2018-06-11T01:16:44Z,2018-06-12T08:48:16Z,2018-06-11T20:04:12Z,2018-06-12T17:19:17Z
MDU6SXNzdWUzMzE2MTIzMzk=,https://github.com/cucumber/cucumber/issues/409,2018-06-12T14:27:28Z,,2018-06-14T08:55:33Z,2018-06-14T08:54:51Z
MDU6SXNzdWUzMzI2OTgzNTM=,https://github.com/cucumber/cucumber/issues/412,2018-06-15T09:03:50Z,2018-06-15T09:03:50Z,2018-06-15T13:43:38Z,2018-06-28T12:34:40Z
MDU6SXNzdWUzMzI3NjkwOTU=,https://github.com/cucumber/cucumber/issues/413,2018-06-15T13:15:40Z,2018-06-15T13:15:40Z,2018-07-05T20:58:11Z,2018-07-05T20:58:11Z
MDU6SXNzdWUzMzMwMjAxMzY=,https://github.com/cucumber/cucumber/issues/415,2018-06-16T22:40:43Z,2018-06-16T22:40:44Z,2018-06-16T23:06:44Z,
MDU6SXNzdWUzMzQwNTMzNTc=,https://github.com/cucumber/cucumber/issues/417,2018-06-20T12:24:53Z,,2018-06-20T12:52:27Z,2018-06-20T12:52:27Z
MDU6SXNzdWUzMzYzNTE1MDQ=,https://github.com/cucumber/cucumber/issues/421,2018-06-27T19:06:59Z,2018-07-03T12:26:15Z,2018-06-27T20:56:59Z,2018-07-05T20:57:37Z
MDU6SXNzdWUzMzc4NjEzMjM=,https://github.com/cucumber/cucumber/issues/425,2018-07-03T11:36:48Z,2018-07-03T11:36:48Z,2018-07-03T11:51:07Z,2020-05-20T00:16:15Z
MDU6SXNzdWUzMzkwODE0Mzk=,https://github.com/cucumber/cucumber/issues/430,2018-07-06T21:52:58Z,2018-07-06T21:53:45Z,2018-07-06T21:52:59Z,2018-09-20T17:50:16Z
MDU6SXNzdWUzMzkxOTQ0MDg=,https://github.com/cucumber/cucumber/issues/431,2018-07-08T03:54:41Z,,2018-07-08T04:05:49Z,2018-07-08T04:05:49Z
MDU6SXNzdWUzMzkzNzA1MzQ=,https://github.com/cucumber/cucumber/issues/433,2018-07-09T09:23:38Z,2018-07-09T09:23:38Z,2018-09-07T10:02:28Z,2019-03-04T00:37:51Z
MDU6SXNzdWUzMzk0OTA4NzQ=,https://github.com/cucumber/cucumber/issues/434,2018-07-09T15:10:19Z,,2018-07-09T16:27:45Z,2018-07-09T16:27:46Z
MDU6SXNzdWUzNDE3Njc2MTA=,https://github.com/cucumber/cucumber/issues/438,2018-07-17T05:07:33Z,2018-07-24T10:25Z,2018-07-24T10:31:23Z,2018-07-24T10:31:23Z
MDU6SXNzdWUzNDI4ODU0MTQ=,https://github.com/cucumber/cucumber/issues/439,2018-07-19T20:53:33Z,2018-07-20T07:51:05Z,2018-07-20T07:50:58Z,2018-07-20T07:50:58Z
MDU6SXNzdWUzNDMyNDk2ODk=,https://github.com/cucumber/cucumber/issues/440,2018-07-20T21:15:34Z,2018-07-21T10:29:08Z,2018-07-21T12:29:08Z,2018-09-28T16:13:21Z
MDU6SXNzdWUzNDMzMzg2NjE=,https://github.com/cucumber/cucumber/issues/441,2018-07-21T16:31:16Z,2018-07-24T10:22:16Z,2018-07-24T10:22:04Z,2018-07-24T10:22:04Z
MDU6SXNzdWUzNDYzODAxMjU=,https://github.com/cucumber/cucumber/issues/445,2018-07-31T22:22:34Z,2018-07-31T22:22:34Z,2018-08-13T21:50:13Z,2018-08-13T21:50:13Z
MDU6SXNzdWUzNDgzOTQxNDU=,https://github.com/cucumber/cucumber/issues/450,2018-08-07T16:21:37Z,2018-08-08T04:54:11Z,2018-08-08T05:06:41Z,2018-08-08T17:48:44Z
MDU6SXNzdWUzNDg4NTQyMTQ=,https://github.com/cucumber/cucumber/issues/453,2018-08-08T19:08:42Z,2018-08-12T13:16:35Z,2018-08-12T14:35:36Z,2018-08-13T15:37:01Z
MDU6SXNzdWUzNDk5OTI3NzI=,https://github.com/cucumber/cucumber/issues/454,2018-08-13T11:35:02Z,2018-08-13T12:47:29Z,2018-08-13T14:11:34Z,2019-08-27T14:25Z
MDU6SXNzdWUzNTA2MDExMTE=,https://github.com/cucumber/cucumber/issues/456,2018-08-14T21:16:55Z,2018-08-14T21:16:55Z,2018-08-16T20:00:27Z,2018-08-21T20:58Z
MDU6SXNzdWUzNTEzNDI1MDk=,https://github.com/cucumber/cucumber/issues/457,2018-08-16T19:44:12Z,2018-08-16T19:44:13Z,2018-08-16T19:52Z,2018-08-26T16:17:20Z
MDU6SXNzdWUzNTE4MjUxMjA=,https://github.com/cucumber/cucumber/issues/459,2018-08-18T14:34:31Z,,2018-08-18T20:17:33Z,2018-08-18T20:17:33Z
MDU6SXNzdWUzNTE4OTM3Njc=,https://github.com/cucumber/cucumber/issues/460,2018-08-19T11:02:24Z,,2018-08-19T11:10:43Z,2018-08-19T11:39:22Z
MDU6SXNzdWUzNTMzNDMzOTg=,https://github.com/cucumber/cucumber/issues/465,2018-08-23T11:42:35Z,2018-08-24T19:42:38Z,2018-10-23T20:22:07Z,2018-12-31T19:06:04Z
MDU6SXNzdWUzNTUwMzkzNTY=,https://github.com/cucumber/cucumber/issues/469,2018-08-29T07:50:30Z,,2018-08-29T11:33:15Z,2018-09-10T21:04:16Z
MDU6SXNzdWUzNTYwNzQ2MDg=,https://github.com/cucumber/cucumber/issues/470,2018-08-31T18:02:11Z,2018-09-10T21:01:21Z,2018-08-31T18:07:09Z,2018-11-16T22:08:51Z
MDU6SXNzdWUzNjAxNzg2MTE=,https://github.com/cucumber/cucumber/issues/474,2018-09-14T06:53:06Z,2018-09-14T06:53:06Z,2018-09-14T07:07:14Z,2018-09-18T14:44:53Z
MDU6SXNzdWUzNjAzMzgyNzg=,https://github.com/cucumber/cucumber/issues/475,2018-09-14T14:53:39Z,2018-09-14T15:17:03Z,2018-09-17T21:43:31Z,2019-02-27T08:03:56Z
MDU6SXNzdWUzNjIzMDU2NzY=,https://github.com/cucumber/cucumber/issues/481,2018-09-20T18:19:28Z,2018-09-25T23:09:39Z,2018-11-25T00:08:21Z,2019-06-27T13:58:59Z
MDU6SXNzdWUzNjMwNTI3OTU=,https://github.com/cucumber/cucumber/issues/483,2018-09-24T08:29:35Z,,2018-09-24T08:34:11Z,2018-09-24T08:38:25Z
MDU6SXNzdWUzNjUxNjA5NTI=,https://github.com/cucumber/cucumber/issues/485,2018-09-29T19:36:47Z,2018-09-29T19:36:47Z,2018-12-08T10:16:26Z,2019-02-17T23:20:45Z
MDU6SXNzdWUzNjUyMDk2NTI=,https://github.com/cucumber/cucumber/issues/487,2018-09-30T09:36:49Z,2018-09-30T15:58:10Z,2018-09-30T15:37:15Z,2019-02-19T00:29:55Z
MDU6SXNzdWUzNjU3NDc0OTE=,https://github.com/cucumber/cucumber/issues/489,2018-10-02T05:35:52Z,2018-10-02T05:36:38Z,2018-10-02T05:38:08Z,2018-10-21T22:34:31Z
MDU6SXNzdWUzNjczMjYxNDM=,https://github.com/cucumber/cucumber/issues/493,2018-10-05T18:46:15Z,2018-10-08T19:10:34Z,2018-10-05T20:01:17Z,2018-10-27T21:57:27Z
MDU6SXNzdWUzNjc2Nzg3MzY=,https://github.com/cucumber/cucumber/issues/494,2018-10-08T08:13:55Z,2018-10-08T19:10:34Z,2018-10-08T16:52:43Z,2018-10-11T21:22:01Z
MDU6SXNzdWUzNzIwMTcwODU=,https://github.com/cucumber/cucumber/issues/503,2018-10-19T15:54:08Z,,2018-10-20T05:26:12Z,2018-10-23T05:25:50Z
MDU6SXNzdWUzNzIzMzY1ODk=,https://github.com/cucumber/cucumber/issues/507,2018-10-21T17:17:17Z,2018-10-21T20:29:09Z,2018-10-23T05:31:29Z,2018-11-16T13:23:01Z
MDU6SXNzdWUzNzI4NTcyMTE=,https://github.com/cucumber/cucumber/issues/508,2018-10-23T07:55:27Z,2018-10-23T07:55:48Z,2018-10-23T09:36:14Z,2018-12-29T10:42:13Z
MDU6SXNzdWUzNzMwNDE5ODA=,https://github.com/cucumber/cucumber/issues/509,2018-10-23T14:48:55Z,2018-10-23T22:23:56Z,2018-10-23T16:04:03Z,2019-05-25T08:53:08Z
MDU6SXNzdWUzNzMwNzg2OTU=,https://github.com/cucumber/cucumber/issues/510,2018-10-23T16:04:04Z,2018-10-23T16:21:42Z,2018-12-17T09:22:19Z,2020-06-18T13:50:55Z
MDU6SXNzdWUzNzM0NDEyMjA=,https://github.com/cucumber/cucumber/issues/511,2018-10-24T11:46:34Z,2018-10-26T21:28:20Z,2018-10-26T21:36:35Z,2020-06-23T19:49:20Z
MDU6SXNzdWUzNzQzOTA2MTY=,https://github.com/cucumber/cucumber/issues/515,2018-10-26T13:44:24Z,2018-10-26T21:20:51Z,2018-10-26T13:48:54Z,2018-10-30T22:54:12Z
MDU6SXNzdWUzNzQ1NTA4NTQ=,https://github.com/cucumber/cucumber/issues/516,2018-10-26T21:18:19Z,2018-10-26T21:18:19Z,2018-10-27T22:28:03Z,2019-07-29T22:17:32Z
MDU6SXNzdWUzNzQ3MDUzNTA=,https://github.com/cucumber/cucumber/issues/517,2018-10-28T00:59:10Z,,2019-10-28T21:56:05Z,2018-10-28T21:29:10Z
MDU6SXNzdWUzNzQ5NDI4ODA=,https://github.com/cucumber/cucumber/issues/519,2018-10-29T10:14:29Z,2018-10-29T10:14:29Z,2018-10-29T18:30:05Z,2019-01-15T06:23:48Z
MDU6SXNzdWUzNzYzMDkwODQ=,https://github.com/cucumber/cucumber/issues/521,2018-11-01T09:06:26Z,2018-11-01T09:06:44Z,2018-11-01T12:49:12Z,2020-05-19T23:37:23Z
MDU6SXNzdWUzNzczMTEwOTg=,https://github.com/cucumber/cucumber/issues/524,2018-11-05T09:18:57Z,2018-11-07T09:13:16Z,2019-01-06T15:37:50Z,2020-08-21T21:36:24Z
MDU6SXNzdWUzNzc4NDE4Mjk=,https://github.com/cucumber/cucumber/issues/525,2018-11-06T13:16:31Z,,2018-11-06T20:32:37Z,2018-11-06T20:32:38Z
MDU6SXNzdWUzNzgyODg5NzA=,https://github.com/cucumber/cucumber/issues/526,2018-11-07T13:32:38Z,,2018-11-07T17:07:47Z,2018-11-07T17:07:47Z
MDU6SXNzdWUzNzg2NTU0MDQ=,https://github.com/cucumber/cucumber/issues/527,2018-11-08T09:54:35Z,2018-11-08T09:54:35Z,2019-11-21T10:52:24Z,2018-11-21T09:54:53Z
MDU6SXNzdWUzNzg2NTY4NzU=,https://github.com/cucumber/cucumber/issues/528,2018-11-08T09:58:19Z,2018-11-08T09:58:19Z,2018-11-13T12:26:10Z,2018-11-22T09:29:54Z
MDU6SXNzdWUzNzkxMzE0Nzg=,https://github.com/cucumber/cucumber/issues/529,2018-11-09T11:47:50Z,2018-12-13T23:47:54Z,2019-02-12T00:28:26Z,2019-02-19T00:29:57Z
MDU6SXNzdWUzNzkxODk4MzI=,https://github.com/cucumber/cucumber/issues/530,2018-11-09T14:46:33Z,2018-12-13T23:47:54Z,2019-02-12T00:28:27Z,2019-02-19T00:29:56Z
MDU6SXNzdWUzODAyNzk4NzY=,https://github.com/cucumber/cucumber/issues/532,2018-11-13T15:28Z,2018-11-14T20:54:30Z,2018-11-13T17:58:40Z,2019-02-07T07:10:03Z
MDU6SXNzdWUzODA1NTcyMTE=,https://github.com/cucumber/cucumber/issues/533,2018-11-14T06:39:58Z,2018-12-13T23:45:41Z,2019-02-12T00:28:25Z,2019-02-19T00:29:58Z
MDU6SXNzdWUzODI0NzYzNzI=,https://github.com/cucumber/cucumber/issues/534,2018-11-20T02:46:11Z,,2018-11-20T22:42:41Z,2018-11-20T22:42:41Z
MDU6SXNzdWUzODM1MDg2NDc=,https://github.com/cucumber/cucumber/issues/537,2018-11-22T12:10:56Z,2018-12-13T23:45:32Z,2018-11-23T14:18:05Z,2019-08-01T20:48:56Z
MDU6SXNzdWUzODM1MjMwNTY=,https://github.com/cucumber/cucumber/issues/538,2018-11-22T12:52:37Z,2018-11-22T15:49:37Z,2018-11-22T15:49:28Z,2018-11-22T15:49:28Z
MDU6SXNzdWUzODYxMjcyMDY=,https://github.com/cucumber/cucumber/issues/542,2018-11-30T10:27:46Z,2018-11-30T10:32:34Z,2019-01-30T16:44:52Z,2019-02-07T07:10:02Z
MDU6SXNzdWUzODY2MDU2NTU=,https://github.com/cucumber/cucumber/issues/544,2018-12-02T22:07Z,2018-12-02T22:07Z,2019-02-02T18:13:48Z,2019-04-11T11:18:18Z
MDU6SXNzdWUzODY3NTk0MjI=,https://github.com/cucumber/cucumber/issues/545,2018-12-03T10:47:52Z,2018-12-03T10:57:42Z,2019-01-10T15:07:47Z,2019-04-14T05:44:23Z
MDU6SXNzdWUzODg3MjQ4MTE=,https://github.com/cucumber/cucumber/issues/547,2018-12-07T16:29:22Z,,2018-12-07T21:02:41Z,2018-12-07T21:02:41Z
MDU6SXNzdWUzOTQ4NDgxODc=,https://github.com/cucumber/cucumber/issues/550,2018-12-30T05:41:21Z,,2018-12-30T07:23:01Z,2018-12-30T07:23:01Z
MDU6SXNzdWUzOTY1ODAyOTE=,https://github.com/cucumber/cucumber/issues/558,2019-01-07T17:32:30Z,,2019-01-07T17:49:56Z,2019-01-07T17:49:56Z
MDU6SXNzdWU0MDEwODc2MjM=,https://github.com/cucumber/cucumber/issues/560,2019-01-20T11:22:12Z,2019-01-20T16:51:32Z,2019-01-20T13:22:09Z,2019-03-19T18:05:56Z
MDU6SXNzdWU0MDU5NTE2ODE=,https://github.com/cucumber/cucumber/issues/564,2019-02-02T05:49:50Z,2019-04-07T06:44:54Z,2019-02-02T10:29:45Z,2019-04-14T07:44:23Z
MDU6SXNzdWU0MDk3MDk4Njc=,https://github.com/cucumber/cucumber/issues/565,2019-02-13T09:36:46Z,,2019-02-14T04:31:48Z,2019-03-28T14:44:42Z
MDU6SXNzdWU0MTA5NjkxNjE=,https://github.com/cucumber/cucumber/issues/566,2019-02-15T22:17:53Z,2019-02-16T10:03:20Z,2019-02-16T10:02:51Z,2019-04-17T23:35:26Z
MDU6SXNzdWU0MTIxNzk5MDE=,https://github.com/cucumber/cucumber/issues/567,2019-02-19T23:54:23Z,,2019-02-20T04:16:09Z,2019-03-20T09:37:02Z
MDU6SXNzdWU0MTI0NjY5MzM=,https://github.com/cucumber/cucumber/issues/568,2019-02-20T14:53:34Z,2019-03-07T21:16:07Z,2019-02-22T16:47:23Z,
MDU6SXNzdWU0MTI1NDE0MDc=,https://github.com/cucumber/cucumber/issues/569,2019-02-20T17:24:43Z,,2019-02-21T10:16:58Z,2019-02-21T10:16:39Z
MDU6SXNzdWU0MTYxOTE0NTc=,https://github.com/cucumber/cucumber/issues/570,2019-03-01T16:55:06Z,,2019-03-06T09:19:44Z,2019-03-06T09:19:44Z
MDU6SXNzdWU0MTY2NjQ1MTA=,https://github.com/cucumber/cucumber/issues/571,2019-03-04T07:23:47Z,2019-03-07T18:11:05Z,2019-03-07T13:14:49Z,2019-03-19T08:32:01Z
MDU6SXNzdWU0MTg5NTk1MjQ=,https://github.com/cucumber/cucumber/issues/574,2019-03-08T21:13:03Z,2019-03-08T21:13:03Z,2020-03-10T19:06:55Z,2019-03-10T13:49:58Z
MDU6SXNzdWU0MTg5NjQxNDA=,https://github.com/cucumber/cucumber/issues/575,2019-03-08T21:28:02Z,2019-03-08T21:28:13Z,2020-03-17T13:42:34Z,2019-03-16T10:38:46Z
MDU6SXNzdWU0MjAzNzE0MTk=,https://github.com/cucumber/cucumber/issues/579,2019-03-13T08:25:23Z,2019-03-13T08:25:54Z,2019-04-18T07:35:24Z,2019-04-18T07:35:26Z
MDU6SXNzdWU0MjMwMjMwOTc=,https://github.com/cucumber/cucumber/issues/583,2019-03-20T01:19:46Z,,2019-03-20T13:00:32Z,2019-03-20T13:09:18Z
MDU6SXNzdWU0MjQxNTc3Mjg=,https://github.com/cucumber/cucumber/issues/586,2019-03-22T11:11:02Z,2019-03-22T11:11:26Z,2019-05-30T14:36:51Z,2019-06-06T15:01:31Z
MDU6SXNzdWU0MjY1Mjc1Njg=,https://github.com/cucumber/cucumber/issues/588,2019-03-28T14:35:07Z,,2019-04-16T19:18:10Z,2019-04-16T19:18:10Z
MDU6SXNzdWU0MjY5OTkzMjk=,https://github.com/cucumber/cucumber/issues/589,2019-03-29T13:57:34Z,2019-03-29T13:57:34Z,2019-04-01T17:33:31Z,2020-05-19T23:30:53Z
MDU6SXNzdWU0Mjg3ODMxNTQ=,https://github.com/cucumber/cucumber/issues/590,2019-04-03T13:56:24Z,2019-04-16T16:53:13Z,2019-04-18T08:18:19Z,2019-09-02T13:49:33Z
MDU6SXNzdWU0MjkyNjY0NzQ=,https://github.com/cucumber/cucumber/issues/591,2019-04-04T13:02:10Z,,2019-04-04T16:18:22Z,2019-04-08T11:48:37Z
MDU6SXNzdWU0MjkzODk3NTU=,https://github.com/cucumber/cucumber/issues/592,2019-04-04T17:08:47Z,2019-06-03T17:42:48Z,2019-06-03T17:42:47Z,2019-08-10T09:48:45Z
MDU6SXNzdWU0MzAxMjc2NjM=,https://github.com/cucumber/cucumber/issues/594,2019-04-05T18:00:18Z,2019-04-07T10:29:42Z,2019-04-05T19:40:07Z,2019-04-08T15:19:38Z
MDU6SXNzdWU0MzA1MDU5NjE=,https://github.com/cucumber/cucumber/issues/595,2019-04-08T15:09:44Z,2019-06-07T17:12:18Z,2019-04-08T15:42:08Z,2019-06-14T17:31:12Z
MDU6SXNzdWU0MzE0MDU2ODg=,https://github.com/cucumber/cucumber/issues/596,2019-04-10T09:44:13Z,,2019-04-10T09:48:07Z,2019-04-10T09:48:23Z
MDU6SXNzdWU0Mzc0MzgxNjY=,https://github.com/cucumber/cucumber/issues/600,2019-04-25T23:30:06Z,2019-04-28T22:22:11Z,2019-04-28T22:23:09Z,2019-07-01T14:39:30Z
MDU6SXNzdWU0MzgyMTEwMTM=,https://github.com/cucumber/cucumber/issues/601,2019-04-28T09:58:48Z,2019-04-29T08:52:49Z,2019-04-29T09:43:25Z,2020-01-27T13:14:48Z
MDU6SXNzdWU0MzgzMTkxMTQ=,https://github.com/cucumber/cucumber/issues/602,2019-04-29T13:35:16Z,2019-06-27T10:17:40Z,2019-05-23T14:35:16Z,2020-09-11T03:45:29Z
MDU6SXNzdWU0NDA2NDk2MDk=,https://github.com/cucumber/cucumber/issues/609,2019-05-06T11:15:39Z,,2019-05-13T15:02:32Z,2019-05-23T19:43:33Z
MDU6SXNzdWU0NDEwNzI4OTE=,https://github.com/cucumber/cucumber/issues/610,2019-05-07T07:05:58Z,2019-05-07T07:05:58Z,2019-07-06T08:52:42Z,2019-07-13T10:02:12Z
MDU6SXNzdWU0NDIyOTUzMzA=,https://github.com/cucumber/cucumber/issues/614,2019-05-09T15:24:54Z,,2019-05-09T15:25:43Z,2019-05-09T15:25:43Z
MDU6SXNzdWU0NDc2NDg3NzI=,https://github.com/cucumber/cucumber/issues/618,2019-05-23T13:00Z,,2019-05-23T13:02Z,2019-05-23T13:02Z
MDU6SXNzdWU0NDk3Njg5Nzc=,https://github.com/cucumber/cucumber/issues/620,2019-05-29T12:07:38Z,2019-06-04T09:00:43Z,2019-05-29T12:09:39Z,2019-05-29T12:09:39Z
MDU6SXNzdWU0NTE2MDkyNjM=,https://github.com/cucumber/cucumber/issues/623,2019-06-03T17:48:47Z,,2019-06-04T09:00:11Z,2019-06-04T09:00:11Z
MDU6SXNzdWU0NTIyNDcxODQ=,https://github.com/cucumber/cucumber/issues/627,2019-06-04T23:12:05Z,2019-06-27T09:37:26Z,2019-06-23T22:37:27Z,2019-06-27T10:16:22Z
MDU6SXNzdWU0NTIzNTAzMDI=,https://github.com/cucumber/cucumber/issues/628,2019-06-05T07:23:39Z,,2019-06-05T08:53:37Z,2019-06-09T20:25:11Z
MDU6SXNzdWU0NTM4MTE3MDY=,https://github.com/cucumber/cucumber/issues/632,2019-06-08T16:35:40Z,2019-06-27T10:17:15Z,2019-08-26T11:28:19Z,2019-09-02T13:49:32Z
MDU6SXNzdWU0NTQxMzUyMTI=,https://github.com/cucumber/cucumber/issues/633,2019-06-10T11:58:46Z,,2019-06-14T13:45:55Z,2019-06-14T13:45:55Z
MDU6SXNzdWU0NTUyNDQzMDg=,https://github.com/cucumber/cucumber/issues/634,2019-06-12T14:23:23Z,2019-06-27T10:20:02Z,2019-06-12T20:32:59Z,2019-07-01T13:13:03Z
MDU6SXNzdWU0NjAzMjY2NzA=,https://github.com/cucumber/cucumber/issues/643,2019-06-25T09:56:53Z,2019-06-27T10:19:39Z,2019-07-18T03:35:17Z,2019-08-04T23:17:43Z
MDU6SXNzdWU0NjMyODY5MjQ=,https://github.com/cucumber/cucumber/issues/645,2019-07-02T15:13:19Z,2019-07-16T09:54:24Z,2019-07-16T09:54:07Z,2019-07-16T09:54:08Z
MDU6SXNzdWU0NjMzNjIwNTc=,https://github.com/cucumber/cucumber/issues/646,2019-07-02T17:58:52Z,2019-07-09T15:10:37Z,2019-07-02T20:27:55Z,2019-07-11T14:54:08Z
MDU6SXNzdWU0NjQ5MjQxNjE=,https://github.com/cucumber/cucumber/issues/652,2019-07-07T07:34:29Z,,,2019-07-08T08:47:36Z
MDU6SXNzdWU0Njk4NjQzNTg=,https://github.com/cucumber/cucumber/issues/657,2019-07-18T16:19:09Z,2019-07-18T16:19:16Z,2020-01-06T15:29:14Z,2020-01-06T15:30:08Z
MDU6SXNzdWU0NzAyNzU3MzM=,https://github.com/cucumber/cucumber/issues/658,2019-07-19T08:41:22Z,2019-07-19T11:23:48Z,2019-07-19T09:46:15Z,2019-08-11T12:08:44Z
MDU6SXNzdWU0NzEzNTkyNDg=,https://github.com/cucumber/cucumber/issues/660,2019-07-22T22:01:57Z,2019-07-27T06:42:46Z,2019-07-23T06:51:46Z,2019-07-29T22:15:21Z
MDU6SXNzdWU0NzM2MDk2NzM=,https://github.com/cucumber/cucumber/issues/663,2019-07-27T07:25:43Z,2019-07-27T07:25:43Z,2019-08-14T17:57:35Z,2019-08-14T17:57:35Z
MDU6SXNzdWU0NzUxNDMzODE=,https://github.com/cucumber/cucumber/issues/666,2019-07-31T08:39:14Z,2019-08-13T08:58:40Z,2019-07-31T13:24:34Z,2020-05-20T00:05:04Z
MDU6SXNzdWU0NzU4NzUyMzg=,https://github.com/cucumber/cucumber/issues/669,2019-08-01T20:31:01Z,2019-08-01T20:31:01Z,,2019-08-04T23:34:43Z
MDU6SXNzdWU0NzY2NzkyNDI=,https://github.com/cucumber/cucumber/issues/674,2019-08-05T06:29:13Z,,2019-08-05T09:28:23Z,2019-08-05T09:28:24Z
MDU6SXNzdWU0NzY3NDgwNTE=,https://github.com/cucumber/cucumber/issues/675,2019-08-05T09:20:50Z,,,2019-08-11T11:32:51Z
MDU6SXNzdWU0NzcyMDg5Njk=,https://github.com/cucumber/cucumber/issues/676,2019-08-06T07:11:55Z,,2019-08-06T09:13:14Z,2019-08-12T16:17:47Z
MDU6SXNzdWU0NzkzODg3NDQ=,https://github.com/cucumber/cucumber/issues/678,2019-07-01T05:14:19Z,2019-08-12T16:14:37Z,2019-08-11T16:51:36Z,2021-04-03T22:19:51Z
MDU6SXNzdWU0Nzk3ODc5OTU=,https://github.com/cucumber/cucumber/issues/679,2019-08-12T18:30:44Z,2019-08-13T08:57:02Z,2019-08-12T18:32:04Z,2019-08-17T20:28:40Z
MDU6SXNzdWU0ODIyNzE5MDM=,https://github.com/cucumber/cucumber/issues/683,2019-08-19T12:03:42Z,2019-08-19T14:38:39Z,2019-08-19T14:38:23Z,2019-08-19T19:33:40Z
MDU6SXNzdWU0ODM2OTU4NjI=,https://github.com/cucumber/cucumber/issues/685,2018-09-17T21:51:30Z,,2019-08-21T23:16:29Z,2019-08-21T23:26:50Z
MDU6SXNzdWU0ODQ4Mzc1MTk=,https://github.com/cucumber/cucumber/issues/686,2019-08-24T16:04:31Z,2019-08-24T16:49:27Z,2019-08-24T16:49:14Z,
MDU6SXNzdWU0ODUyMTE1NTA=,https://github.com/cucumber/cucumber/issues/690,2019-08-26T12:30:30Z,2019-08-26T14:07:49Z,2019-08-26T14:07:12Z,2019-08-28T07:53Z
MDU6SXNzdWU0ODY4OTY5NDg=,https://github.com/cucumber/cucumber/issues/692,2019-08-29T11:18:11Z,2019-09-17T09:53:50Z,2019-09-01T09:44:02Z,2019-12-02T22:08:28Z
MDU6SXNzdWU0OTA3MzU3NjY=,https://github.com/cucumber/cucumber/issues/698,2019-09-08T10:08:42Z,2019-09-17T09:53:30Z,2019-11-16T10:12:21Z,2020-01-17T11:25:07Z
MDU6SXNzdWU0OTA3MzU4NTI=,https://github.com/cucumber/cucumber/issues/699,2019-09-08T10:09:45Z,2019-09-17T09:53:30Z,2019-11-16T10:12:20Z,2020-01-17T11:24:19Z
MDU6SXNzdWU0OTMzMjYyNDk=,https://github.com/cucumber/cucumber/issues/701,2019-09-13T13:29:01Z,,2019-09-13T13:45:15Z,2019-09-13T14:45:25Z
MDU6SXNzdWU0OTQ1MjAxNTM=,https://github.com/cucumber/cucumber/issues/704,2019-09-17T09:29:51Z,2019-09-17T09:52:54Z,2019-09-17T09:32:20Z,2019-11-25T23:01:23Z
MDU6SXNzdWU0OTQ1MjUxMDA=,https://github.com/cucumber/cucumber/issues/705,2019-09-17T10:01:11Z,2019-09-17T10:01:11Z,2019-11-16T10:12:19Z,2019-11-23T10:42:47Z
MDU6SXNzdWU0OTc2MTExNTY=,https://github.com/cucumber/cucumber/issues/707,2019-09-24T10:52:11Z,,2019-09-24T10:56:27Z,2019-09-25T07:47:10Z
MDU6SXNzdWU0OTc5MzIzODc=,https://github.com/cucumber/cucumber/issues/710,2019-09-24T21:25:41Z,2019-09-24T22:17:16Z,2019-09-24T22:18:58Z,2019-12-05T10:07:06Z
MDU6SXNzdWU0OTgyMTU3MjY=,https://github.com/cucumber/cucumber/issues/712,2019-09-25T11:11:39Z,2019-09-25T11:11:39Z,2019-09-25T12:55:36Z,2020-01-31T11:10:51Z
MDU6SXNzdWU0OTg2NDk1MTE=,https://github.com/cucumber/cucumber/issues/713,2019-09-26T04:23:27Z,,2019-09-26T08:07:51Z,2019-09-26T08:07:52Z
MDU6SXNzdWU0OTg5NzgwMzU=,https://github.com/cucumber/cucumber/issues/714,2019-09-26T16:00:50Z,2019-10-07T21:49:08Z,2019-09-26T16:13:39Z,
MDU6SXNzdWU1MDE2MTI3ODk=,https://github.com/cucumber/cucumber/issues/721,2019-10-02T17:01:44Z,2019-10-16T11:09:58Z,2019-12-15T11:54:07Z,2020-02-06T17:02:27Z
MDU6SXNzdWU1MDE3NTE5NzI=,https://github.com/cucumber/cucumber/issues/725,2019-10-02T22:08:51Z,2019-10-05T15:05:40Z,2019-10-02T23:27:26Z,2019-10-07T21:45:03Z
MDU6SXNzdWU1MDE3Njg2NjI=,https://github.com/cucumber/cucumber/issues/726,2019-10-02T23:03:20Z,2019-10-05T15:05:05Z,2019-10-03T12:19:31Z,2020-12-10T11:38:09Z
MDU6SXNzdWU1MDIxOTkwMzU=,https://github.com/cucumber/cucumber/issues/730,2019-10-03T17:31:37Z,2019-10-15T11:47:28Z,2019-12-14T12:15:37Z,2019-12-21T13:12:13Z
MDU6SXNzdWU1MDMzMzg3MTk=,https://github.com/cucumber/cucumber/issues/734,2019-10-07T09:39:08Z,2019-10-07T09:39:08Z,2019-10-07T11:14:34Z,2019-12-15T12:54:08Z
MDU6SXNzdWU1MDM0MTcyNjY=,https://github.com/cucumber/cucumber/issues/735,2019-10-07T12:22:38Z,2019-10-07T14:34:55Z,2019-10-07T14:33:39Z,2019-10-08T05:15:04Z
MDU6SXNzdWU1MDM0NjM4NDg=,https://github.com/cucumber/cucumber/issues/736,2019-10-07T13:47:06Z,2019-10-07T18:32:26Z,2019-10-08T07:48:31Z,2019-12-14T12:15:41Z
MDU6SXNzdWU1MDM3MDg5MTI=,https://github.com/cucumber/cucumber/issues/738,2019-10-07T21:48:12Z,2019-10-07T21:48:12Z,,2020-01-15T17:53:55Z
MDU6SXNzdWU1MDQ2NTA0MDU=,https://github.com/cucumber/cucumber/issues/745,2019-10-09T13:24:17Z,2019-10-09T13:24:17Z,2019-12-08T14:08:31Z,2020-02-20T13:19:05Z
MDU6SXNzdWU1MDUwMTE3ODg=,https://github.com/cucumber/cucumber/issues/746,2019-10-10T03:33:38Z,2019-10-10T09:37:41Z,,2019-10-16T21:58:03Z
MDU6SXNzdWU1MDYwODI4MDY=,https://github.com/cucumber/cucumber/issues/751,2019-10-11T22:29:20Z,2019-10-11T22:29:20Z,2019-10-11T23:36:52Z,2019-12-11T14:39:09Z
MDU6SXNzdWU1MDYxOTUwMjQ=,https://github.com/cucumber/cucumber/issues/752,2019-10-12T14:38:58Z,2019-10-15T11:47:28Z,2019-10-14T05:52:05Z,2020-01-26T01:32:47Z
MDU6SXNzdWU1MDYyNDU0NTY=,https://github.com/cucumber/cucumber/issues/753,2019-10-12T22:33:09Z,2019-10-12T22:33:09Z,2019-12-16T14:07:33Z,2020-02-16T00:43:18Z
MDU6SXNzdWU1MDYzNTM5NjA=,https://github.com/cucumber/cucumber/issues/755,2019-10-13T17:26:50Z,2019-10-13T17:26:50Z,2019-10-29T04:46:13Z,2020-03-05T05:38:27Z
MDU6SXNzdWU1MDYzNTU2MTk=,https://github.com/cucumber/cucumber/issues/756,2019-10-13T17:40:33Z,2019-10-13T17:40:33Z,2019-12-12T18:19:44Z,
MDU6SXNzdWU1MDYzNTYxNzE=,https://github.com/cucumber/cucumber/issues/757,2019-10-13T17:45:12Z,2019-10-13T17:45:12Z,2019-12-12T18:19:43Z,2020-02-17T19:03:05Z
MDU6SXNzdWU1MDcxMDMzNTM=,https://github.com/cucumber/cucumber/issues/759,2019-10-15T08:57:03Z,2019-10-15T08:57:03Z,2019-12-14T09:15:35Z,2019-12-21T10:12:11Z
MDU6SXNzdWU1MDc0MTYyMzg=,https://github.com/cucumber/cucumber/issues/761,2019-10-15T18:41:59Z,2019-10-15T19:21:35Z,2019-10-16T07:57:53Z,2020-03-23T10:33:25Z
MDU6SXNzdWU1MDg0MDExMTI=,https://github.com/cucumber/cucumber/issues/763,2019-10-17T10:56:50Z,2019-10-17T11:06:33Z,2019-10-17T11:05:59Z,2019-12-23T21:37:20Z
MDU6SXNzdWU1MDg0NjYzODU=,https://github.com/cucumber/cucumber/issues/764,2019-10-17T13:12:21Z,2019-10-17T13:12:40Z,2019-10-17T13:22:55Z,2020-02-16T00:43:29Z
MDU6SXNzdWU1MDg5NDI0MzA=,https://github.com/cucumber/cucumber/issues/765,2019-10-18T08:49:13Z,2019-10-18T08:49:14Z,2019-12-17T09:21:50Z,2019-12-17T09:27:12Z
MDU6SXNzdWU1MTA2OTAzMTI=,https://github.com/cucumber/cucumber/issues/767,2019-10-22T14:20:38Z,2019-10-23T14:46:30Z,2019-10-23T07:57Z,2020-12-10T11:38:09Z
MDU6SXNzdWU1MTA4MDgzNjM=,https://github.com/cucumber/cucumber/issues/768,2019-10-22T17:44:11Z,2019-10-22T17:47:40Z,2019-10-22T17:58:21Z,2020-01-17T10:41:12Z
MDU6SXNzdWU1MTIyMzA5MTc=,https://github.com/cucumber/cucumber/issues/772,2019-10-24T23:39:33Z,2019-10-28T10:48:40Z,2019-12-27T11:25:26Z,2020-04-23T05:12:32Z
MDU6SXNzdWU1MTMyNjM3Mzk=,https://github.com/cucumber/cucumber/issues/773,2019-10-28T12:05:41Z,2019-10-28T12:05:41Z,2019-10-28T13:27:42Z,2020-01-04T13:10:15Z
MDU6SXNzdWU1MTMzMjgzMDc=,https://github.com/cucumber/cucumber/issues/774,2019-10-28T14:09:42Z,2019-10-28T14:09:42Z,2019-12-27T14:25:26Z,2020-01-03T20:10:17Z
MDU6SXNzdWU1MTM0NDI4Njk=,https://github.com/cucumber/cucumber/issues/775,2019-10-28T17:16:50Z,2019-10-28T17:16:50Z,2019-10-28T23:08:26Z,
MDU6SXNzdWU1MTQ2MDkyODg=,https://github.com/cucumber/cucumber/issues/778,2019-10-30T11:56:05Z,2019-10-30T11:56:05Z,2019-12-29T12:27:03Z,2020-02-13T14:05:27Z
MDU6SXNzdWU1MTUzOTI2Njk=,https://github.com/cucumber/cucumber/issues/779,2019-10-31T12:28:33Z,2019-10-31T12:28:33Z,2019-11-05T03:20:54Z,
MDU6SXNzdWU1MTU3NzE2NDE=,https://github.com/cucumber/cucumber/issues/783,2019-10-31T21:53:35Z,2019-10-31T21:53:35Z,2019-12-30T22:13:08Z,
MDU6SXNzdWU1MTYyMDA3Njk=,https://github.com/cucumber/cucumber/issues/785,2019-11-01T15:59:58Z,2019-11-01T15:59:58Z,2019-12-31T16:22Z,2020-03-07T20:23:19Z
MDU6SXNzdWU1MTY3NjMwMzM=,https://github.com/cucumber/cucumber/issues/787,2019-11-03T00:27:53Z,2019-11-03T00:27:53Z,2019-11-03T04:34:29Z,2019-12-21T13:50:02Z
MDU6SXNzdWU1MTc4NTI1NDg=,https://github.com/cucumber/cucumber/issues/789,2019-11-05T15:41:39Z,2019-11-05T15:41:39Z,2019-12-30T20:07:57Z,
MDU6SXNzdWU1MjM0NjMyMzQ=,https://github.com/cucumber/cucumber/issues/797,2019-11-15T13:14:16Z,,2019-11-15T21:14:40Z,2019-11-21T22:43:38Z
MDU6SXNzdWU1MjcyNDEwOTU=,https://github.com/cucumber/cucumber/issues/802,2019-11-22T14:51:14Z,2019-11-22T14:51:14Z,2019-12-19T00:08:02Z,2019-12-19T00:08:03Z
MDU6SXNzdWU1MjkyMjU4NTI=,https://github.com/cucumber/cucumber/issues/807,2019-11-27T09:36:21Z,2019-11-27T09:36:21Z,2020-01-26T10:26:58Z,2020-04-03T07:27:18Z
MDU6SXNzdWU1MjkzMTE4Mzg=,https://github.com/cucumber/cucumber/issues/808,2019-11-27T12:19:01Z,2019-12-10T10:56:30Z,2019-12-10T10:56:04Z,2020-07-03T06:00Z
MDU6SXNzdWU1Mjk0MzI0Njk=,https://github.com/cucumber/cucumber/issues/809,2019-11-27T15:51:58Z,2019-11-27T15:51:58Z,2019-11-28T14:27:04Z,2019-12-10T16:35:35Z
MDU6SXNzdWU1MzAyMjE3MzM=,https://github.com/cucumber/cucumber/issues/812,2019-11-29T08:41:58Z,,2019-11-29T10:13:01Z,2019-11-29T10:13:02Z
MDU6SXNzdWU1MzU4NTIzNTM=,https://github.com/cucumber/cucumber/issues/826,2019-12-10T16:43:33Z,2019-12-10T16:43:33Z,2019-12-10T17:15:47Z,2020-02-15T21:10:32Z
MDU6SXNzdWU1NDM1NTg5NTQ=,https://github.com/cucumber/cucumber/issues/840,2019-12-29T20:37:44Z,2019-12-29T20:37:44Z,2020-02-27T21:02:35Z,2020-04-21T20:13:19Z
MDU6SXNzdWU1NDU1MDkwMzM=,https://github.com/cucumber/cucumber/issues/842,2020-01-06T02:33:06Z,,2020-01-06T14:26:07Z,2020-01-08T09:22:36Z
MDU6SXNzdWU1NDU3MjA2NDY=,https://github.com/cucumber/cucumber/issues/843,2020-01-06T13:15:48Z,2020-01-06T13:15:48Z,2020-01-07T06:48:54Z,2020-01-08T10:38:03Z
MDU6SXNzdWU1NDU4MDg3ODc=,https://github.com/cucumber/cucumber/issues/844,2020-01-06T16:12:40Z,2020-01-08T10:33:55Z,2020-01-06T16:47:27Z,2020-07-10T06:02:16Z
MDU6SXNzdWU1NDc5Mjg2NDM=,https://github.com/cucumber/cucumber/issues/851,2020-01-10T08:10:21Z,,,2020-01-10T13:46:10Z
MDU6SXNzdWU1NDc5MzQzOTk=,https://github.com/cucumber/cucumber/issues/852,2020-01-10T08:25:05Z,,2020-01-10T13:54Z,2020-01-10T13:54:05Z
MDU6SXNzdWU1NDgwODgyNzU=,https://github.com/cucumber/cucumber/issues/854,2020-01-10T13:45:44Z,2020-01-10T13:45:44Z,2020-03-11T03:18:20Z,2020-03-18T03:32:38Z
MDU6SXNzdWU1NDgxMjMyNTE=,https://github.com/cucumber/cucumber/issues/855,2020-01-10T14:53:55Z,2020-01-10T14:53:55Z,2020-01-17T10:07:29Z,2020-03-24T10:47:09Z
MDU6SXNzdWU1NDg2MjUxMTI=,https://github.com/cucumber/cucumber/issues/856,2020-01-12T20:49:46Z,2020-01-12T20:49:46Z,2020-01-12T20:50:47Z,2020-06-23T19:47:26Z
MDU6SXNzdWU1NDk3OTA4NzI=,https://github.com/cucumber/cucumber/issues/857,2020-01-14T20:10:05Z,2020-01-16T09:13:06Z,2020-01-15T16:12:01Z,2020-03-31T11:07:48Z
MDU6SXNzdWU1NTE0MjYzOTY=,https://github.com/cucumber/cucumber/issues/863,2020-01-17T13:50:32Z,2020-01-17T13:50:32Z,2020-02-25T19:04:01Z,2020-03-06T12:51:43Z
MDU6SXNzdWU1NTE5MzM4NDU=,https://github.com/cucumber/cucumber/issues/865,2020-01-19T14:54:03Z,2020-01-19T15:50:47Z,2020-01-19T16:08:33Z,2020-02-06T16:47:05Z
MDU6SXNzdWU1NTI2ODAyMjc=,https://github.com/cucumber/cucumber/issues/868,2020-01-21T07:47:58Z,,2020-01-21T07:57:28Z,2020-01-21T07:57:28Z
MDU6SXNzdWU1NTI4OTk3MTM=,https://github.com/cucumber/cucumber/issues/869,2020-01-21T14:08:09Z,2020-01-21T14:08:09Z,2020-01-21T14:09:45Z,2020-10-19T13:39:11Z
MDU6SXNzdWU1NTM0MjMxOTQ=,https://github.com/cucumber/cucumber/issues/871,2020-01-22T09:47:15Z,2020-01-22T09:47:23Z,2020-01-22T11:52:36Z,2020-11-03T02:24:16Z
MDU6SXNzdWU1NTM0ODE3MjM=,https://github.com/cucumber/cucumber/issues/873,2020-01-22T11:32:55Z,,2020-01-23T23:16:19Z,2020-02-11T16:44:40Z
MDU6SXNzdWU1NTQ3MDA3ODc=,https://github.com/cucumber/cucumber/issues/878,2020-01-24T12:08:46Z,,2020-01-24T13:42:15Z,2020-02-11T16:46:24Z
MDU6SXNzdWU1NTY1NjIwNTM=,https://github.com/cucumber/cucumber/issues/879,2020-01-29T00:05:58Z,,2020-01-29T23:18:48Z,2020-02-11T16:42:09Z
MDU6SXNzdWU1NjM5NzEzNDE=,https://github.com/cucumber/cucumber/issues/897,2020-02-12T12:35:32Z,2020-02-12T12:35:32Z,2020-02-12T17:03:33Z,
MDU6SXNzdWU1NjQyNzYyMTg=,https://github.com/cucumber/cucumber/issues/899,2020-02-12T21:14:49Z,,2020-02-13T14:03:30Z,2020-02-13T14:03:31Z
MDU6SXNzdWU1NjUzOTc0NjE=,https://github.com/cucumber/cucumber/issues/901,2020-02-14T15:30:34Z,2020-02-14T15:30:34Z,2020-02-16T20:27:54Z,2020-02-16T22:24:59Z
MDU6SXNzdWU1NjU4MTAwNDg=,https://github.com/cucumber/cucumber/issues/902,2020-02-15T21:10:32Z,2020-02-15T21:10:32Z,2020-02-16T08:54:14Z,2020-07-11T02:40:55Z
MDU6SXNzdWU1NjYzNjM1OTc=,https://github.com/cucumber/cucumber/issues/904,2020-02-17T15:14:54Z,2020-02-17T17:14:36Z,2020-04-18T09:55:16Z,2020-04-25T10:41:32Z
MDU6SXNzdWU1NzExODI0NjE=,https://github.com/cucumber/cucumber/issues/910,2020-02-26T09:16:42Z,2020-02-26T09:16:42Z,2020-02-26T09:18:16Z,2020-05-03T10:07:28Z
MDU6SXNzdWU1NzI2MjMzMzQ=,https://github.com/cucumber/cucumber/issues/914,2020-02-28T09:10:46Z,2020-02-28T09:10:46Z,2020-02-28T09:13:39Z,2020-04-13T21:17:27Z
MDU6SXNzdWU1NzI5MzA3Nzk=,https://github.com/cucumber/cucumber/issues/917,2020-02-28T18:33:46Z,,2020-02-28T18:54:23Z,2020-02-28T18:54:23Z
MDU6SXNzdWU1NzY4NDkzOTE=,https://github.com/cucumber/cucumber/issues/925,2020-03-06T10:47:13Z,2020-03-06T10:47:13Z,2020-05-06T02:17:12Z,2020-05-13T04:21:01Z
MDU6SXNzdWU1Nzg4NjU4MDQ=,https://github.com/cucumber/cucumber/issues/929,2020-03-10T21:14:23Z,2020-03-25T22:36:32Z,2020-05-25T03:32:38Z,2020-06-01T04:18:11Z
MDU6SXNzdWU1Nzk3NzMxNjg=,https://github.com/cucumber/cucumber/issues/933,2020-03-12T08:31Z,2020-03-25T22:37:07Z,2020-05-25T03:32:37Z,
MDU6SXNzdWU1ODEyNzc0Njg=,https://github.com/cucumber/cucumber/issues/936,2020-03-14T16:35:50Z,2020-03-14T16:35:50Z,2020-03-30T23:33:40Z,2020-04-14T14:53:39Z
MDU6SXNzdWU1ODI5NDY2NjQ=,https://github.com/cucumber/cucumber/issues/937,2020-03-17T11:31:52Z,2020-03-25T22:36:06Z,2020-04-17T09:53:45Z,2020-04-17T09:53:45Z
MDU6SXNzdWU1ODc5MTE1MTk=,https://github.com/cucumber/cucumber/issues/941,2020-03-25T18:42:41Z,,2020-03-25T19:43:40Z,2020-03-25T19:43:40Z
MDU6SXNzdWU1ODg0OTM2ODM=,https://github.com/cucumber/cucumber/issues/943,2020-03-26T15:08:40Z,2020-03-30T23:22:12Z,2020-03-30T23:21:31Z,2020-04-10T11:54:36Z
MDU6SXNzdWU1ODk0Njk3NjI=,https://github.com/cucumber/cucumber/issues/945,2020-03-28T00:09:14Z,2020-03-28T00:10:21Z,2020-03-30T23:30:35Z,2020-04-10T17:34:03Z
MDU6SXNzdWU1ODk2NDc5MzA=,https://github.com/cucumber/cucumber/issues/946,2020-03-28T19:56:56Z,,2020-03-30T23:27:54Z,2020-03-30T23:27:54Z
MDU6SXNzdWU1OTQ1MzAzODA=,https://github.com/cucumber/cucumber/issues/951,2020-04-05T16:01:55Z,2020-04-05T16:01:55Z,2020-04-06T09:25:12Z,2020-04-10T14:41:59Z
MDU6SXNzdWU1OTYyNDA4NjY=,https://github.com/cucumber/cucumber/issues/952,2020-04-08T01:08:22Z,2020-04-08T01:09:21Z,2020-06-07T01:43:07Z,2020-06-23T19:49:20Z
MDU6SXNzdWU1OTczMjI2OTY=,https://github.com/cucumber/cucumber/issues/954,2020-04-09T14:28:03Z,2020-04-09T14:28:03Z,2020-04-09T14:34:06Z,2020-05-20T00:19:25Z
MDU6SXNzdWU1OTc4MTc0MzI=,https://github.com/cucumber/cucumber/issues/960,2020-04-10T10:22:37Z,2020-04-10T10:22:37Z,2020-04-10T12:20:23Z,2020-12-25T13:40:07Z
MDU6SXNzdWU1OTc4NDA3NDA=,https://github.com/cucumber/cucumber/issues/961,2020-04-10T11:25:03Z,2020-04-10T11:25:13Z,2020-04-10T11:26:59Z,2020-04-10T12:58:42Z
MDU6SXNzdWU1OTgwMTY4MzM=,https://github.com/cucumber/cucumber/issues/966,2020-04-10T18:02:51Z,2020-04-10T18:03:29Z,2020-04-10T22:12:50Z,2020-04-14T13:55:23Z
MDU6SXNzdWU2MDQwOTE2NDg=,https://github.com/cucumber/cucumber/issues/978,2020-04-21T15:36:56Z,,2020-04-21T15:46:12Z,2020-04-21T15:46:12Z
MDU6SXNzdWU2MDQwOTIxOTE=,https://github.com/cucumber/cucumber/issues/979,2020-04-21T15:40:29Z,,2020-04-21T18:03:08Z,2020-04-21T20:19:16Z
MDU6SXNzdWU2MDY3MzA2MDY=,https://github.com/cucumber/cucumber/issues/980,2020-04-25T09:32:44Z,2020-05-20T00:31:30Z,2020-07-19T02:43:06Z,2020-07-26T07:03:53Z
MDU6SXNzdWU2MDY5NTEyMDE=,https://github.com/cucumber/cucumber/issues/981,2020-04-26T08:10:26Z,2020-04-26T08:10:26Z,2020-06-26T03:43:13Z,2020-07-03T03:51:46Z
MDU6SXNzdWU2MDg5MDIyNzA=,https://github.com/cucumber/cucumber/issues/982,2020-04-29T09:17:09Z,2020-04-29T09:17:09Z,,2020-05-18T07:25:30Z
MDU6SXNzdWU2MDg5MzIwODI=,https://github.com/cucumber/cucumber/issues/983,2020-04-29T10:06:25Z,2020-04-29T10:06:25Z,2020-04-29T12:27:11Z,2020-09-05T19:31:32Z
MDU6SXNzdWU2MTA3ODgzNTU=,https://github.com/cucumber/cucumber/issues/985,2020-05-01T14:47:34Z,2020-07-03T03:51:41Z,2020-05-01T16:37:06Z,2020-07-18T08:12:58Z
MDU6SXNzdWU2MTA5NTM2NTc=,https://github.com/cucumber/cucumber/issues/987,2020-05-01T20:30:37Z,2020-07-03T03:51:42Z,2020-07-03T03:51:39Z,2020-07-11T02:40:57Z
MDU6SXNzdWU2MTEzMzAxODU=,https://github.com/cucumber/cucumber/issues/990,2020-05-03T04:30:20Z,,,2020-05-15T13:12:27Z
MDU6SXNzdWU2MTM4NzExNjk=,https://github.com/cucumber/cucumber/issues/992,2020-05-07T08:27:26Z,2020-05-07T08:27:26Z,,2020-05-07T18:57:10Z
MDU6SXNzdWU2MTU3Nzc2MzU=,https://github.com/cucumber/cucumber/issues/994,2020-05-11T10:33:02Z,2020-05-11T10:33:02Z,2020-07-01T07:19:45Z,
MDU6SXNzdWU2MTY0NDY0MTQ=,https://github.com/cucumber/cucumber/issues/995,2020-05-12T08:01Z,2020-05-12T08:01:08Z,2020-05-12T12:48:51Z,2020-07-02T11:24:59Z
MDU6SXNzdWU2MTY0NDkwOTg=,https://github.com/cucumber/cucumber/issues/996,2020-05-12T08:05:30Z,2020-05-12T08:05:30Z,2020-06-25T19:47:08Z,2020-06-25T19:47:22Z
MDU6SXNzdWU2MTY0NTQ4NTM=,https://github.com/cucumber/cucumber/issues/997,2020-05-12T08:14:26Z,2020-05-12T08:15:10Z,2020-07-11T08:40:52Z,
MDU6SXNzdWU2MTY2OTc4NDc=,https://github.com/cucumber/cucumber/issues/999,2020-05-12T14:21:59Z,2020-05-12T14:21:59Z,,
MDU6SXNzdWU2MTk5ODQxNDQ=,https://github.com/cucumber/cucumber/issues/1003,2020-05-18T07:45:18Z,2020-05-18T08:53:56Z,2020-05-18T07:52:22Z,2020-07-25T08:30:33Z
MDU6SXNzdWU2MjExNDQ5Njg=,https://github.com/cucumber/cucumber/issues/1004,2020-05-19T17:06:51Z,2020-08-07T11:43:22Z,2020-05-19T18:26:33Z,2020-12-25T13:40:17Z
MDU6SXNzdWU2MjY0MzQ1MjI=,https://github.com/cucumber/cucumber/issues/1009,2020-05-28T11:28:52Z,2020-05-28T11:34:43Z,,2020-06-26T19:17:28Z
MDU6SXNzdWU2MzQ4ODUzMDE=,https://github.com/cucumber/cucumber/issues/1041,2020-06-08T19:41:56Z,2020-08-07T11:43:22Z,2020-06-15T12:41:06Z,2020-12-15T21:02:41Z
MDU6SXNzdWU2MzUxNTI0Mjc=,https://github.com/cucumber/cucumber/issues/1042,2020-06-09T06:36:15Z,2020-06-09T08:51:18Z,,2020-06-23T21:24:30Z
MDU6SXNzdWU2MzYyNTU1OTQ=,https://github.com/cucumber/cucumber/issues/1043,2020-06-10T13:39:36Z,,2020-06-10T13:43:22Z,2020-06-10T13:43:22Z
MDU6SXNzdWU2MzY5Mzc2Nzg=,https://github.com/cucumber/cucumber/issues/1045,2020-06-11T11:27:43Z,2020-06-11T11:54:21Z,2020-06-11T12:22:21Z,2020-06-12T15:58:21Z
MDU6SXNzdWU2MzY5NDE2MjY=,https://github.com/cucumber/cucumber/issues/1046,2020-06-11T11:34:24Z,2020-06-11T11:38:21Z,2020-06-21T22:06:31Z,2020-06-22T16:42:20Z
MDU6SXNzdWU2MzY5NzEzMjI=,https://github.com/cucumber/cucumber/issues/1049,2020-06-11T12:25:40Z,2020-06-11T12:25:41Z,,2020-06-18T12:18:17Z
MDU6SXNzdWU2Mzg2Mjc5Nzk=,https://github.com/cucumber/cucumber/issues/1056,2020-06-15T07:54:42Z,2020-06-15T07:54:42Z,2020-06-15T08:34:35Z,2020-08-23T08:40:17Z
MDU6SXNzdWU2Mzg2MzI0MjI=,https://github.com/cucumber/cucumber/issues/1057,2020-06-15T08:02:07Z,2020-06-15T08:02:07Z,2020-06-15T08:38:45Z,2020-08-23T08:40:18Z
MDU6SXNzdWU2Mzk0ODc5NDM=,https://github.com/cucumber/cucumber/issues/1063,2020-06-16T08:47:38Z,2020-08-07T11:43:40Z,2020-07-01T18:32:22Z,2020-12-25T13:40:16Z
MDU6SXNzdWU2Mzk1MTUzNjU=,https://github.com/cucumber/cucumber/issues/1065,2020-06-16T09:28:32Z,,2020-06-18T12:40:19Z,2020-06-18T12:40:19Z
MDU6SXNzdWU2NDMxMzk0Mzk=,https://github.com/cucumber/cucumber/issues/1074,2020-06-22T14:56:29Z,,2020-06-22T15:50:58Z,2020-06-24T08:53:55Z
MDU6SXNzdWU2NDYyODcyNzE=,https://github.com/cucumber/cucumber/issues/1090,2020-06-26T14:05:38Z,2020-06-26T14:05:38Z,,2020-07-02T14:09:06Z
MDU6SXNzdWU2NDY0NDkyNjI=,https://github.com/cucumber/cucumber/issues/1091,2020-06-26T18:50:51Z,2020-06-26T18:50:52Z,2020-08-29T18:20:49Z,2020-10-18T12:29:52Z
MDU6SXNzdWU2NDY2NzU5MzY=,https://github.com/cucumber/cucumber/issues/1092,2020-06-27T12:42:49Z,2020-08-07T11:42:59Z,2020-07-02T23:33:19Z,2021-02-03T11:50:21Z
MDU6SXNzdWU2NDcyMDc4MjU=,https://github.com/cucumber/cucumber/issues/1096,2020-06-29T00:45:10Z,2020-06-30T08:33:04Z,2020-06-29T08:10:09Z,2020-09-05T19:31:33Z
MDU6SXNzdWU2NDczNzE4NzM=,https://github.com/cucumber/cucumber/issues/1097,2020-06-29T13:21:41Z,2020-06-29T13:21:41Z,2020-06-29T13:57:42Z,2020-09-05T19:31:32Z
MDU6SXNzdWU2NDk3MDUxMTA=,https://github.com/cucumber/cucumber/issues/1100,2020-07-02T07:31:58Z,2020-07-02T07:31:58Z,2020-08-31T08:17:46Z,2020-09-07T08:35:58Z
MDU6SXNzdWU2NTI0OTE2OTk=,https://github.com/cucumber/cucumber/issues/1105,2020-07-07T17:22:34Z,2020-08-07T11:42:31Z,2020-07-08T08:44:35Z,2020-12-25T13:40:08Z
MDU6SXNzdWU2NTM0NjE1Njc=,https://github.com/cucumber/cucumber/issues/1106,2020-07-08T17:12:02Z,,2020-07-08T17:21:59Z,2020-07-08T17:23:50Z
MDU6SXNzdWU2NTUzNjgxMjM=,https://github.com/cucumber/cucumber/issues/1113,2020-07-12T09:50:58Z,2020-07-12T09:50:58Z,2020-09-11T03:45:25Z,2020-12-25T13:40:10Z
MDU6SXNzdWU2NTcxNTY4NTg=,https://github.com/cucumber/cucumber/issues/1116,2020-07-15T08:15:55Z,2020-07-15T08:15:55Z,2020-07-15T08:16:51Z,2020-12-15T21:02:42Z
MDU6SXNzdWU2NjIyMjkyMzM=,https://github.com/cucumber/cucumber/issues/1119,2020-07-20T20:26:11Z,2020-07-20T20:26:11Z,2020-07-21T06:05:55Z,2020-07-24T14:59:02Z
MDU6SXNzdWU2NjU3NTgxMDQ=,https://github.com/cucumber/cucumber/issues/1122,2020-07-26T10:54:59Z,2020-07-26T22:13:53Z,2020-07-31T04:18:41Z,
MDU6SXNzdWU2NjY1MDUwNjI=,https://github.com/cucumber/cucumber/issues/1123,2020-07-27T18:42:45Z,2020-07-27T18:42:45Z,2020-10-04T02:44:09Z,2021-03-11T18:24:51Z
MDU6SXNzdWU2Njg0NzEzMTc=,https://github.com/cucumber/cucumber/issues/1127,2020-07-30T08:08:09Z,2020-07-30T08:08:09Z,,2020-07-31T10:10:54Z
MDU6SXNzdWU2NzMzODAwMDQ=,https://github.com/cucumber/cucumber/issues/1138,2020-08-05T09:04:50Z,2020-08-05T09:04:50Z,2020-10-04T09:44:09Z,
MDU6SXNzdWU2NzQ2ODEwODI=,https://github.com/cucumber/cucumber/issues/1139,2020-07-09T17:49:08Z,2020-08-14T20:28:38Z,2020-08-07T00:45:45Z,2020-12-25T13:40:09Z
MDU6SXNzdWU2ODA5NjQ3NDY=,https://github.com/cucumber/cucumber/issues/1149,2020-08-18T11:28:17Z,2020-08-18T11:33:01Z,2020-08-18T11:32:46Z,2020-08-19T08:00:16Z
MDU6SXNzdWU2ODUyMDE3NDI=,https://github.com/cucumber/cucumber/issues/1157,2020-08-25T06:08:18Z,,2020-08-27T11:19:14Z,2020-09-01T08:28:01Z
MDU6SXNzdWU2ODY5MDgzOTY=,https://github.com/cucumber/cucumber/issues/1159,2020-08-27T03:25:32Z,,2020-08-27T21:26:50Z,2020-09-01T16:02:34Z
MDU6SXNzdWU2OTA4MTQ2Nzk=,https://github.com/cucumber/cucumber/issues/1166,2020-09-02T08:11:08Z,2020-09-02T08:11:08Z,,2020-09-02T12:15:47Z
MDU6SXNzdWU2OTE1NzQyNTY=,https://github.com/cucumber/cucumber/issues/1170,2020-09-03T02:16:10Z,2020-09-03T10:31:45Z,2020-09-03T10:35:26Z,2020-10-14T01:16:36Z
MDU6SXNzdWU2OTMxNDQ5ODc=,https://github.com/cucumber/cucumber/issues/1172,2020-09-04T13:01:55Z,2020-09-09T06:45:58Z,2020-12-15T21:02:11Z,
MDU6SXNzdWU2OTM0MDg4NjQ=,https://github.com/cucumber/cucumber/issues/1173,2020-09-04T17:18:43Z,2020-09-04T17:19:23Z,2020-09-08T08:34:52Z,
MDU6SXNzdWU2OTUwNzAwNDY=,https://github.com/cucumber/cucumber/issues/1174,2020-09-07T12:51:37Z,2020-09-09T06:45:15Z,2020-09-07T15:51:22Z,2020-09-15T11:07:31Z
MDU6SXNzdWU2OTU5NzgzNzQ=,https://github.com/cucumber/cucumber/issues/1178,2020-09-08T15:36:42Z,2020-09-09T06:42:56Z,2020-09-09T06:44:50Z,2020-12-18T22:17:48Z
MDU6SXNzdWU3MDA5MjEzMTc=,https://github.com/cucumber/cucumber/issues/1184,2020-09-14T09:11:49Z,2020-09-14T09:11:49Z,2020-12-15T21:02:14Z,2020-12-25T13:40:11Z
MDU6SXNzdWU3MDM5MzA1NTE=,https://github.com/cucumber/cucumber/issues/1186,2020-09-17T21:44:42Z,,2020-09-23T17:53:22Z,2020-09-23T17:53:23Z
MDU6SXNzdWU3MDQ0NTQ3Mjg=,https://github.com/cucumber/cucumber/issues/1187,2020-09-18T15:08:46Z,2020-09-18T15:08:58Z,2020-12-15T21:02:14Z,2020-12-25T13:40:12Z
MDU6SXNzdWU3MDYwNzg2MDM=,https://github.com/cucumber/cucumber/issues/1189,2020-09-22T04:59:49Z,,2020-09-22T07:37:56Z,2020-09-23T17:27:13Z
MDU6SXNzdWU3MDk3ODI3NDY=,https://github.com/cucumber/cucumber/issues/1195,2020-09-27T16:03:14Z,2020-09-27T17:41:41Z,2020-09-27T17:44:09Z,
MDU6SXNzdWU3MTA0MTQxNTQ=,https://github.com/cucumber/cucumber/issues/1196,2020-09-28T16:33:22Z,2020-09-28T19:59:09Z,2020-09-28T19:58:52Z,2020-12-25T13:40:15Z
MDU6SXNzdWU3MTA2NzgxNjY=,https://github.com/cucumber/cucumber/issues/1198,2020-09-29T01:21:37Z,2020-09-29T08:05:08Z,2020-09-29T01:48:14Z,2020-12-25T13:40:13Z
MDU6SXNzdWU3MTA2OTA1NzU=,https://github.com/cucumber/cucumber/issues/1200,2020-09-29T01:57:08Z,2020-09-29T08:03:31Z,2020-09-29T08:04:11Z,2020-10-04T16:26:16Z
MDU6SXNzdWU3MTM1Njk0NTU=,https://github.com/cucumber/cucumber/issues/1205,2020-10-02T12:02:22Z,2020-10-02T12:02:22Z,2020-10-02T12:10:46Z,2020-12-17T12:20:35Z
MDU6SXNzdWU3MTU1MTM1MjY=,https://github.com/cucumber/cucumber/issues/1210,2020-10-06T09:43:40Z,2020-10-06T09:43:40Z,2020-12-15T21:02:06Z,2020-12-25T13:40:14Z
MDU6SXNzdWU3MTc0MjY0NTc=,https://github.com/cucumber/cucumber/issues/1212,2020-10-08T15:01:34Z,,2020-10-09T07:29:03Z,2020-10-09T07:29:03Z
MDU6SXNzdWU3MjIyODIwMDA=,https://github.com/cucumber/cucumber/issues/1216,2020-10-15T12:17:18Z,2020-10-25T21:22:56Z,2020-11-23T18:20:51Z,
MDU6SXNzdWU3MjM5ODQ1NjE=,https://github.com/cucumber/cucumber/issues/1218,2020-10-18T11:18:15Z,2020-10-18T11:21:19Z,2020-10-18T11:21:27Z,
MDU6SXNzdWU3MjQ5NzY0MTA=,https://github.com/cucumber/cucumber/issues/1220,2020-10-19T21:08:07Z,2020-10-19T21:08:07Z,,2020-12-17T12:20:35Z
MDU6SXNzdWU3MjU3MTk4NTA=,https://github.com/cucumber/cucumber/issues/1221,2020-10-20T15:39:39Z,2020-11-04T10:04:51Z,2020-10-20T15:50:14Z,2020-12-10T16:33:11Z
MDU6SXNzdWU3MjYxOTQwNzQ=,https://github.com/cucumber/cucumber/issues/1224,2020-10-21T06:51:41Z,2020-10-21T07:52:14Z,2020-10-21T07:53:02Z,
MDU6SXNzdWU3MjgxMTQzNjA=,https://github.com/cucumber/cucumber/issues/1226,2020-10-23T10:44:58Z,,2020-10-23T10:56:45Z,2020-10-23T11:42:19Z
MDU6SXNzdWU3Mjk5MTcxMzA=,https://github.com/cucumber/cucumber/issues/1228,2020-10-26T21:21:31Z,,,2020-10-29T15:54:19Z
MDU6SXNzdWU3MzU5Nzk1MDI=,https://github.com/cucumber/cucumber/issues/1232,2020-10-30T10:20:24Z,2020-11-04T10:03:33Z,2020-11-03T14:36:20Z,2020-11-17T09:26:25Z
MDU6SXNzdWU3Mzg1OTM4NDU=,https://github.com/cucumber/cucumber/issues/1241,2020-11-09T00:37:25Z,,2020-11-09T09:19:37Z,2021-01-31T11:05:43Z
MDU6SXNzdWU3NDQ2MTcwOTE=,https://github.com/cucumber/cucumber/issues/1250,2020-11-17T10:39:35Z,2020-11-18T12:46:02Z,2020-11-18T12:46:16Z,
MDU6SXNzdWU3NDY2MDkxNjI=,https://github.com/cucumber/cucumber/issues/1253,2020-11-19T13:58:33Z,2020-11-19T13:58:33Z,,
MDU6SXNzdWU3NDcwNTg0NTU=,https://github.com/cucumber/cucumber/issues/1255,2020-11-20T01:13:19Z,,,2020-11-20T01:52:50Z
MDU6SXNzdWU3NTE0NTMxODM=,https://github.com/cucumber/cucumber/issues/1259,2020-11-26T09:59:06Z,2020-11-26T09:59:40Z,2021-04-03T22:14:37Z,2021-04-03T22:14:37Z
MDU6SXNzdWU3NTI2OTgzOTI=,https://github.com/cucumber/cucumber/issues/1261,2020-10-30T19:27:26Z,2020-11-28T15:31:13Z,2020-10-30T21:09:27Z,2020-11-28T15:32:40Z
MDU6SXNzdWU3NTQ0MDI1ODY=,https://github.com/cucumber/cucumber/issues/1264,2020-12-01T13:39:14Z,2020-12-09T12:51:21Z,2020-12-02T21:25:08Z,
MDU6SXNzdWU3NTkyNjc3ODk=,https://github.com/cucumber/cucumber/issues/1270,2020-12-08T09:13:36Z,,2020-12-08T09:48:45Z,2020-12-08T09:48:45Z
MDU6SXNzdWU3NjAzMDM1OTQ=,https://github.com/cucumber/cucumber/issues/1273,2020-12-09T12:52:59Z,2020-12-09T12:53:42Z,,
MDU6SXNzdWU3NjYyNDQ4Njc=,https://github.com/cucumber/cucumber/issues/1275,2020-12-14T10:15:40Z,2020-12-14T10:15:40Z,,2020-12-17T12:16:48Z
MDU6SXNzdWU3NzA0MjgwMjI=,https://github.com/cucumber/cucumber/issues/1279,2020-12-17T22:42:25Z,2020-12-17T22:42:25Z,2020-12-17T22:46:32Z,2021-02-25T13:05:08Z
MDU6SXNzdWU3NzQ1NjA4NzU=,https://github.com/cucumber/cucumber/issues/1283,2020-12-24T21:15:19Z,,2020-12-24T23:51:15Z,2020-12-24T23:51:15Z
MDU6SXNzdWU3NzQ3MDA3Nzg=,https://github.com/cucumber/cucumber/issues/1284,2020-12-25T10:11:15Z,2021-01-04T23:39:16Z,2021-02-03T13:21:39Z,2021-02-07T18:02:01Z
MDU6SXNzdWU3NzczMDg4NzU=,https://github.com/cucumber/cucumber/issues/1290,2021-01-01T16:10:11Z,2021-01-04T21:45:37Z,2021-01-04T21:45:13Z,
MDU6SXNzdWU3Nzc0NDgyODE=,https://github.com/cucumber/cucumber/issues/1291,2021-01-02T10:10Z,2021-01-02T11:50:52Z,2021-01-02T11:50:10Z,2021-01-15T12:51:13Z
MDU6SXNzdWU3Nzg5MDkyOTU=,https://github.com/cucumber/cucumber/issues/1295,2021-01-05T11:42:31Z,2021-01-05T14:44:26Z,2021-01-05T14:44:45Z,2021-01-05T14:44:45Z
MDU6SXNzdWU3ODE1MzIyNDM=,https://github.com/cucumber/cucumber/issues/1298,2021-01-07T18:53:33Z,2021-01-14T13:46:27Z,2021-01-14T13:46:17Z,2021-01-28T14:05:08Z
MDU6SXNzdWU3ODI5MDk0MjI=,https://github.com/cucumber/cucumber/issues/1304,2021-01-10T21:14:18Z,2021-01-10T21:38:34Z,2021-01-28T14:37:43Z,
MDU6SXNzdWU3ODUwODQ3MTU=,https://github.com/cucumber/cucumber/issues/1306,2021-01-13T13:00:30Z,2021-01-21T19:51:20Z,2021-01-21T19:51:24Z,
MDU6SXNzdWU3ODYyNTM3ODc=,https://github.com/cucumber/cucumber/issues/1309,2021-01-06T00:22:55Z,2021-01-14T19:30:28Z,2021-01-14T19:29:52Z,
MDU6SXNzdWU3OTEwNTYyNjA=,https://github.com/cucumber/cucumber/issues/1314,2021-01-21T13:01:18Z,,,2021-01-21T14:41:21Z
MDU6SXNzdWU3OTI2MTc0NDA=,https://github.com/cucumber/cucumber/issues/1317,2020-12-15T16:19:21Z,2021-02-04T13:27:14Z,2020-12-15T16:21:17Z,2020-12-15T16:21:17Z
MDU6SXNzdWU3OTM2OTIwMjU=,https://github.com/cucumber/cucumber/issues/1320,2021-01-25T20:12:56Z,2021-01-28T14:20:17Z,,2021-02-07T15:49:53Z
MDU6SXNzdWU3OTg0NzM3NTA=,https://github.com/cucumber/cucumber/issues/1325,2021-02-01T15:46:03Z,2021-02-01T19:22:49Z,2021-02-01T20:24:27Z,
MDU6SXNzdWU3OTkxNzM0MTg=,https://github.com/cucumber/cucumber/issues/1329,2019-11-18T04:30:13Z,2021-02-02T11:00:48Z,2020-02-17T18:53:10Z,
MDU6SXNzdWU4MDAxMjA3MTI=,https://github.com/cucumber/cucumber/issues/1331,2021-02-03T09:00:36Z,2021-02-03T09:00:36Z,2021-02-03T09:06:20Z,2021-02-03T15:16:01Z
MDU6SXNzdWU4MDA0NTcyNDU=,https://github.com/cucumber/cucumber/issues/1334,2021-02-03T15:50:29Z,2021-02-04T08:12:23Z,2021-02-19T14:27:40Z,
MDU6SXNzdWU4MDA2MjA2NTA=,https://github.com/cucumber/cucumber/issues/1336,2021-02-03T19:14:55Z,2021-02-04T08:57:10Z,2021-02-03T19:16:42Z,2021-02-04T08:57:12Z
MDU6SXNzdWU4MDM1NzUxNDk=,https://github.com/cucumber/cucumber/issues/1347,2021-02-08T13:39:10Z,2021-02-08T14:25:52Z,2021-02-08T14:36:09Z,2021-02-08T14:36:09Z
MDU6SXNzdWU4MDM4Njg0ODU=,https://github.com/cucumber/cucumber/issues/1349,2021-02-08T17:19:57Z,2021-02-08T19:42:12Z,2021-02-08T19:41:31Z,
MDU6SXNzdWU4MDQ0NzI3NzA=,https://github.com/cucumber/cucumber/issues/1352,2021-02-09T11:39:41Z,2021-02-09T11:39:41Z,2021-02-09T15:19:31Z,2021-02-09T15:19:31Z
MDU6SXNzdWU4MDcwNzUzMzY=,https://github.com/cucumber/cucumber/issues/1357,2021-02-12T09:20:34Z,2021-02-12T09:26:27Z,2021-02-12T09:26:07Z,
MDU6SXNzdWU4MDgzMDcyNjU=,https://github.com/cucumber/cucumber/issues/1364,2021-02-15T08:23:23Z,,2021-02-15T09:26:55Z,2021-02-15T12:53:09Z
MDU6SXNzdWU4MTYzNzEzNDE=,https://github.com/cucumber/cucumber/issues/1386,2021-02-25T11:59:41Z,2021-02-25T11:59:41Z,2021-02-25T12:22:55Z,
MDU6SXNzdWU4MTkwOTU3NDU=,https://github.com/cucumber/cucumber/issues/1392,2021-03-01T17:38:23Z,,2021-03-02T08:15:40Z,2021-03-02T09:31:42Z
MDU6SXNzdWU4MTk3MjkzMzQ=,https://github.com/cucumber/cucumber/issues/1393,2021-03-02T07:30:55Z,2021-03-03T12:10:37Z,2021-03-03T12:14:24Z,
MDU6SXNzdWU4MTk5MjU0NzI=,https://github.com/cucumber/cucumber/issues/1394,2021-03-02T11:25:38Z,2021-03-02T11:25:38Z,2021-03-02T11:37:17Z,2021-03-02T12:51:18Z
MDU6SXNzdWU4MjE3MDQxNDI=,https://github.com/cucumber/cucumber/issues/1400,2021-03-04T03:04:50Z,,2021-03-04T09:40:45Z,2021-03-07T00:07:49Z
MDU6SXNzdWU4MjI4MzMxMjk=,https://github.com/cucumber/cucumber/issues/1405,2021-03-05T07:37:10Z,2021-03-05T08:15:20Z,2021-03-05T08:28:22Z,2021-04-06T12:41:04Z
MDU6SXNzdWU4MjQzMzAwNjE=,https://github.com/cucumber/cucumber/issues/1410,2021-03-08T08:45:33Z,,2021-03-08T08:56:20Z,2021-03-17T06:27:02Z
MDU6SXNzdWU4MjU3OTE4NjA=,https://github.com/cucumber/cucumber/issues/1413,2021-03-09T11:43:43Z,2021-03-10T12:53:23Z,,
MDU6SXNzdWU4MzA4OTMwODA=,https://github.com/cucumber/cucumber/issues/1420,2021-03-13T12:54:27Z,2021-03-13T18:42:30Z,2021-03-13T18:42:05Z,2021-03-13T18:42:05Z
MDU6SXNzdWU4MzExOTY3ODQ=,https://github.com/cucumber/cucumber/issues/1421,2021-03-14T16:21:32Z,2021-03-14T16:21:32Z,,
MDU6SXNzdWU4MzI1OTU5NjU=,https://github.com/cucumber/cucumber/issues/1423,2021-03-16T09:31:54Z,2021-03-16T12:42:20Z,2021-03-16T11:08:26Z,
MDU6SXNzdWU4MzQwMjAzOTc=,https://github.com/cucumber/cucumber/issues/1425,2021-03-17T17:29:27Z,2021-03-17T19:44:03Z,,
MDU6SXNzdWU4MzQxMTkxODE=,https://github.com/cucumber/cucumber/issues/1426,2021-03-17T19:43:24Z,2021-03-17T19:43:43Z,2021-03-17T19:49:47Z,
MDU6SXNzdWU4MzQxNTgxNTg=,https://github.com/cucumber/cucumber/issues/1427,2021-03-17T20:35:55Z,2021-03-17T20:36:07Z,,
MDU6SXNzdWU4Mzc2NzkzNTI=,https://github.com/cucumber/cucumber/issues/1431,2021-03-22T12:42:42Z,,2021-03-23T08:39:12Z,2021-03-23T08:43:53Z
MDU6SXNzdWU4Mzc2ODExNDc=,https://github.com/cucumber/cucumber/issues/1432,2021-03-22T12:45:07Z,,2021-03-22T12:55:40Z,2021-03-22T12:55:40Z
MDU6SXNzdWU4Mzg0OTAxMjE=,https://github.com/cucumber/cucumber/issues/1436,2021-03-23T08:45:05Z,2021-03-23T11:23:56Z,2021-03-23T09:36:11Z,2021-03-23T11:23:49Z
MDU6SXNzdWU4Mzg0OTkyMTQ=,https://github.com/cucumber/cucumber/issues/1437,2021-03-23T08:57:10Z,2021-03-23T08:59:58Z,2021-03-23T08:59:40Z,2021-03-23T10:16:02Z
MDU6SXNzdWU4Mzk4NDYxNTU=,https://github.com/cucumber/cucumber/issues/1441,2021-03-24T15:29:07Z,2021-04-06T08:38:41Z,2021-03-24T23:59:42Z,
MDU6SXNzdWU4NDIxMDkzMjM=,https://github.com/cucumber/cucumber/issues/1443,2021-03-26T16:12:27Z,2021-03-26T16:12:27Z,,2021-03-30T08:22:05Z
MDU6SXNzdWU4NDM3NTM2NzQ=,https://github.com/cucumber/cucumber/issues/1444,2021-03-29T20:01:02Z,2021-03-30T07:12:02Z,2021-03-30T07:11:11Z,2021-04-06T07:53:45Z
MDU6SXNzdWU4NDUwMDgwMjI=,https://github.com/cucumber/cucumber/issues/1445,2021-03-30T18:17:02Z,2021-03-30T18:17:12Z,2021-03-31T09:05:46Z,2021-04-02T20:12:06Z
MDU6SXNzdWU4NDg0NDIwNzI=,https://github.com/cucumber/cucumber/issues/1447,2021-04-01T12:53:54Z,2021-04-02T08:04:19Z,2021-04-02T08:04:01Z,2021-04-03T21:58:18Z
MDU6SXNzdWU4NDg3NTIxMjQ=,https://github.com/cucumber/cucumber/issues/1448,2021-04-01T20:03:48Z,2021-04-02T07:56:50Z,2021-04-01T21:16:58Z,2021-04-03T09:31:44Z
MDU6SXNzdWU4NTIyNzU3NjA=,https://github.com/cucumber/cucumber/issues/1462,2021-04-07T10:44:57Z,2021-04-07T10:44:57Z,,
MDU6SXNzdWU4NTI0MTI0OTY=,https://github.com/cucumber/cucumber/issues/1463,2021-04-07T13:30:30Z,2021-04-07T13:35:27Z,2021-04-07T13:35:21Z,2021-04-08T03:25:33Z
